1,hardcore," 채널에 올리기 http://53skajjzct44ry6v6ygrjmzdbebgbabiyfjy3m2i3ct7ug7e62ex5xqd.onion/ - Rindexx, softcore/hardcore 채널에 올리기 감사합니다 1 개구란데 올리겠냐?? 그냥 저새끼 관심주지 말고 혼자 다중인격질하는거 구경이나 하자 먹이 줘봤자 도배만 한다 2020-5-3 오후 9:", teens have sex. PREMIUM CHILD PORN VIDEO HD! Watch the hottest child ass and anal porn movies.Must hardcore sex and RAPE videos in DeepWeb!  Previous [0] [ 1 ] [ 2 ] [ 3 ] [ 4 ] [ 5 ] [ 6 ] [ 7 ] [ 8,"17 yrs old. This is just porn with CP in it, and nothing else. Over 13,000+ CHILD porn videos. Must hardcore rape & sex videos WITH CHILD. What are you waiting? Just click! 의 바다 Anonymous 2021/04/09(F",상 그거 좀 올려주라 제발 진짜로 1 : 그거 4분짜리 맞냐? 2019-12-14 오후 11:38 2 : 엘리스나 린덱스 가라 거기 있다 2019-12-15 오전 0:02 3 : hardcore 에 LIVE ME만 쳐도 있을듯 2019-12-15 오전 0:11 댓글 암호 닉네임,w 입구컷 개빡세졌노 1 그거 린덱스에도 있을걸 2020-11-20 오후 11:00 2 1 뭐냐 지금 뒤져보고 있는데 못찾겠다 2020-11-20 오후 11:01 3 search-hardcore-topiconly-chinese 2020-11-20 오후 11:17 작성,#8425 2019-2-2 오후 5:29 [아고라에서 가져옴] http://c2djzrn6qx6kupkn.onion/res/44651.html Warning HardCore Pi,#7282 2019-2-2 오후 5:11 [아고라에서 가져옴] http://c2djzrn6qx6kupkn.onion/res/40260.html 솔직히 자료의 질은 헐트메가 더 나,#8425 2019-2-2 오후 5:29 [ Agora-44651 ] Warning HardCore Pics https://media.8ch.net/tot/src/14290541,IFE 여러분! 삶의 의미를 어디에 두고 계십니까? ghost Mine is banging for now... yes! Banging some hot chick rough and hardcore! Hopefully I can find a new meaning soon guys!  a brother out! ,,,,,,,,,,,
2,loli,eply to view. Anonymous 21/06/03(Thu)19:16:51  3544 動画@AV4.us Anonymous 21/06/03(Thu)19:17:13  3545 loli shota pedo Anonymous 21/06/03(Thu)21:45:30  3549 중고딩 강간 영상도 있네 응애 응애 21/06/06(Sun)01:35:48  363,eply to view. Anonymous 21/06/03(Thu)19:16:51  3544 動画@AV4.us Anonymous 21/06/03(Thu)19:17:13  3545 loli shota pedo Anonymous 21/06/03(Thu)21:45:30  3549 중고딩 강간 영상도 있네 응애 응애 21/06/06(Sun)01:35:48  363,#12289 2019-6-14 오후 2:07 오늘부로 남아있던 하꼬 페도 사이트도 다 터졌다. Anjos Proibidos BR ♥ ♂ Baby Heart ♥ Boy Vids v," 무매ㅜ  화 5월 18, 2021 4:29 am 악용 어떻게 함?     화 5월 18, 2021 6:48 am 무매ㅜ  화 5월 18, 2021 4:29 am악용 어떻게 함? loli, pedophile, shota    화 5월 18, 2021 1:12 pm 이미지 올린 새끼는 관리자 검수후에 보이도록 설정해라 던마야 그럼 되지    화 5월 18, ",b5efbfc9f483ad51adc9a51b3ab9420939d3b5c213229e17052 Anonymous 21/05/29(Sat)08:15:52  3268  저번에 텔레에서 loli korea로 페도 그룹 운영하다가 터진 놈인데 한동안 세션에서 머물 생각임. 05e26a4976054d8fcf231e8986085b4b203c1abeab0eff132f52," 털리자마자 싹 다 USB에 옮겨담고 컴터 초기화한다음에 군대갔는데 몇 년만에 들어오니까 내가 이용하던 사이트들 죄다 멸종당하고 없드라 한창 나 웹 서핑할때는 p2p에 걍 로리, loli, 14yo 이런 단어들로 대충 만해도 다 나왔는데 죄다 멸종당하고 ㅈ만한 사이트나 제, 밖에 안남아있누... 작성"," 무매ㅜ  화 5월 18, 2021 4:29 am 악용 어떻게 함?     화 5월 18, 2021 6:48 am 무매ㅜ  화 5월 18, 2021 4:29 am악용 어떻게 함? loli, pedophile, shota    화 5월 18, 2021 1:12 pm 이미지 올린 새끼는 관리자 검수후에 보이도록 설정해라 던마야 그럼 되지    화 5월 18, "," 무매ㅜ  화 5월 18, 2021 4:29 am 악용 어떻게 함?     화 5월 18, 2021 6:48 am 무매ㅜ  화 5월 18, 2021 4:29 am악용 어떻게 함? loli, pedophile, shota    화 5월 18, 2021 1:12 pm 이미지 올린 새끼는 관리자 검수후에 보이도록 설정해라 던마야 그럼 되지    화 5월 18, ",//av.av4.xyz/ Anonymous 21/06/03(Thu)19:16:51  3544 動画@AV4.us Anonymous 21/06/03(Thu)19:17:13  3545 loli shota pedo Anonymous 21/06/03(Thu)21:45:30  3549 중고딩 강간 영상도 있네 응애 응애 21/06/06(Sun)01:35:48  363, 남성가족부         Currently 1 unique user posts. Anonymous 21/05/29(Sat)08:15:52  3268 저번에 텔레에서 loli korea로 페도 그룹 운영하다가 터진 놈인데 한동안 세션에서 머물 생각임. 05e26a4976054d8fcf231e8986085b4b203c1abeab0eff132f52," 무매ㅜ  화 5월 18, 2021 4:29 am 악용 어떻게 함?     화 5월 18, 2021 6:48 am 무매ㅜ  화 5월 18, 2021 4:29 am악용 어떻게 함? loli, pedophile, shota    화 5월 18, 2021 1:12 pm 이미지 올린 새끼는 관리자 검수후에 보이도록 설정해라 던마야 그럼 되지    화 5월 18, "," 무매ㅜ  화 5월 18, 2021 4:29 am 악용 어떻게 함?     화 5월 18, 2021 6:48 am 무매ㅜ  화 5월 18, 2021 4:29 am악용 어떻게 함? loli, pedophile, shota    화 5월 18, 2021 1:12 pm 이미지 올린 새끼는 관리자 검수후에 보이도록 설정해라 던마야 그럼 되지    화 5월 18, "," 무매ㅜ  화 5월 18, 2021 4:29 am 악용 어떻게 함?     화 5월 18, 2021 6:48 am 무매ㅜ  화 5월 18, 2021 4:29 am악용 어떻게 함? loli, pedophile, shota    화 5월 18, 2021 1:12 pm 이미지 올린 새끼는 관리자 검수후에 보이도록 설정해라 던마야 그럼 되지    화 5월 18, "," 무매ㅜ  화 5월 18, 2021 4:29 am 악용 어떻게 함?     화 5월 18, 2021 6:48 am 무매ㅜ  화 5월 18, 2021 4:29 am악용 어떻게 함? loli, pedophile, shota    화 5월 18, 2021 1:12 pm 이미지 올린 새끼는 관리자 검수후에 보이도록 설정해라 던마야 그럼 되지    화 5월 18, "," 무매ㅜ  화 5월 18, 2021 4:29 am 악용 어떻게 함?     화 5월 18, 2021 6:48 am 무매ㅜ  화 5월 18, 2021 4:29 am악용 어떻게 함? loli, pedophile, shota    화 5월 18, 2021 1:12 pm 이미지 올린 새끼는 관리자 검수후에 보이도록 설정해라 던마야 그럼 되지    화 5월 18, ", 메세지 주지마세요 ㅠ Anonymous 21/05/30(Sun)03:57:58  3289  Anonymous 21/05/29(Sat)08:15:52  3268  저번에 텔레에서 loli korea로 페도 그룹 운영하다가 터진 놈인데 한동안 세션에서 머물 생각임. 05e26a4976054d8fcf231e8986085b4b203c1abeab0eff132f52,,,,
3,porn,"nload/file.php?id=18 11 개의 게시물이 생략되었습니다.   2021/07/10(Sat) 22:43:25  272 국제 통계 같은데 한국이 세계 3위의 child porn 생산 국가로 올라간게 중고딩이 돈 벌려고 얼굴 가리고 스스로 찍어서 판 자위물 같은거 때문에 그럼 원래 아청물 생산자는 무기징역도 가능한데 경찰, 검찰수사관, 검사가 여중","라 다크웹 2020-5-25 오전 10:22 3 2 Pornhub: Free Porn Videos & Sex Movies - Porno, XXX, Porn Tube. http://pornhubthbh7ap3u.onion/ 코챈에서 하면 다 뜨는데 넌 도 할줄 모르냐 유입년아 2020-5-25 오전 10:48 4 당연한거 아니냐?? - << 2020-10-1",   -  -      2021/08/19(Thu) 00:25:48  1932 new 2021 pedomom porn files 90 links http://psce.pw/3fzxka   ,onymous Anonymous 21/05/27(Thu)09:35:57  3151 CP가 뭐노 cp Anonymous 21/05/27(Thu)19:56:03  3162 child porn  ,,,,,,,,,,,,,,,,
4,shota,to view. Anonymous 21/06/03(Thu)19:16:51  3544 動画@AV4.us Anonymous 21/06/03(Thu)19:17:13  3545 loli shota pedo Anonymous 21/06/03(Thu)21:45:30  3549 중고딩 강간 영상도 있네 응애 응애 21/06/06(Sun)01:35:48  3633 응애 ,to view. Anonymous 21/06/03(Thu)19:16:51  3544 動画@AV4.us Anonymous 21/06/03(Thu)19:17:13  3545 loli shota pedo Anonymous 21/06/03(Thu)21:45:30  3549 중고딩 강간 영상도 있네 응애 응애 21/06/06(Sun)01:35:48  3633 응애 ,"21 4:29 am 악용 어떻게 함?     화 5월 18, 2021 6:48 am 무매ㅜ  화 5월 18, 2021 4:29 am악용 어떻게 함? loli, pedophile, shota    화 5월 18, 2021 1:12 pm 이미지 올린 새끼는 관리자 검수후에 보이도록 설정해라 던마야 그럼 되지    화 5월 18, 2021 2:01 pm   화 ","21 4:29 am 악용 어떻게 함?     화 5월 18, 2021 6:48 am 무매ㅜ  화 5월 18, 2021 4:29 am악용 어떻게 함? loli, pedophile, shota    화 5월 18, 2021 1:12 pm 이미지 올린 새끼는 관리자 검수후에 보이도록 설정해라 던마야 그럼 되지    화 5월 18, 2021 2:01 pm   화 ","21 4:29 am 악용 어떻게 함?     화 5월 18, 2021 6:48 am 무매ㅜ  화 5월 18, 2021 4:29 am악용 어떻게 함? loli, pedophile, shota    화 5월 18, 2021 1:12 pm 이미지 올린 새끼는 관리자 검수후에 보이도록 설정해라 던마야 그럼 되지    화 5월 18, 2021 2:01 pm   화 ",av4.xyz/ Anonymous 21/06/03(Thu)19:16:51  3544 動画@AV4.us Anonymous 21/06/03(Thu)19:17:13  3545 loli shota pedo Anonymous 21/06/03(Thu)21:45:30  3549 중고딩 강간 영상도 있네 응애 응애 21/06/06(Sun)01:35:48  3633 응애 ,"21 4:29 am 악용 어떻게 함?     화 5월 18, 2021 6:48 am 무매ㅜ  화 5월 18, 2021 4:29 am악용 어떻게 함? loli, pedophile, shota    화 5월 18, 2021 1:12 pm 이미지 올린 새끼는 관리자 검수후에 보이도록 설정해라 던마야 그럼 되지    화 5월 18, 2021 2:01 pm   화 ","21 4:29 am 악용 어떻게 함?     화 5월 18, 2021 6:48 am 무매ㅜ  화 5월 18, 2021 4:29 am악용 어떻게 함? loli, pedophile, shota    화 5월 18, 2021 1:12 pm 이미지 올린 새끼는 관리자 검수후에 보이도록 설정해라 던마야 그럼 되지    화 5월 18, 2021 2:01 pm   화 ",020-4-12 오전 9:33 아니 엄마랑 근친하는 영상은 어디서보냐고 시박년들아 폰허브나 x비디오같은곳은 진짜 다 기획물이라 존나 노꼴인데 좀 알려줘 시발 1 pedo mom이 shota son 따먹는 CP 영상 2020-4-12 오전 9:36 작성,"21 4:29 am 악용 어떻게 함?     화 5월 18, 2021 6:48 am 무매ㅜ  화 5월 18, 2021 4:29 am악용 어떻게 함? loli, pedophile, shota    화 5월 18, 2021 1:12 pm 이미지 올린 새끼는 관리자 검수후에 보이도록 설정해라 던마야 그럼 되지    화 5월 18, 2021 2:01 pm   화 ","21 4:29 am 악용 어떻게 함?     화 5월 18, 2021 6:48 am 무매ㅜ  화 5월 18, 2021 4:29 am악용 어떻게 함? loli, pedophile, shota    화 5월 18, 2021 1:12 pm 이미지 올린 새끼는 관리자 검수후에 보이도록 설정해라 던마야 그럼 되지    화 5월 18, 2021 2:01 pm   화 ","21 4:29 am 악용 어떻게 함?     화 5월 18, 2021 6:48 am 무매ㅜ  화 5월 18, 2021 4:29 am악용 어떻게 함? loli, pedophile, shota    화 5월 18, 2021 1:12 pm 이미지 올린 새끼는 관리자 검수후에 보이도록 설정해라 던마야 그럼 되지    화 5월 18, 2021 2:01 pm   화 ","21 4:29 am 악용 어떻게 함?     화 5월 18, 2021 6:48 am 무매ㅜ  화 5월 18, 2021 4:29 am악용 어떻게 함? loli, pedophile, shota    화 5월 18, 2021 1:12 pm 이미지 올린 새끼는 관리자 검수후에 보이도록 설정해라 던마야 그럼 되지    화 5월 18, 2021 2:01 pm   화 ","21 4:29 am 악용 어떻게 함?     화 5월 18, 2021 6:48 am 무매ㅜ  화 5월 18, 2021 4:29 am악용 어떻게 함? loli, pedophile, shota    화 5월 18, 2021 1:12 pm 이미지 올린 새끼는 관리자 검수후에 보이도록 설정해라 던마야 그럼 되지    화 5월 18, 2021 2:01 pm   화 ","21 4:29 am 악용 어떻게 함?     화 5월 18, 2021 6:48 am 무매ㅜ  화 5월 18, 2021 4:29 am악용 어떻게 함? loli, pedophile, shota    화 5월 18, 2021 1:12 pm 이미지 올린 새끼는 관리자 검수후에 보이도록 설정해라 던마야 그럼 되지    화 5월 18, 2021 2:01 pm   화 ","21 4:29 am 악용 어떻게 함?     화 5월 18, 2021 6:48 am 무매ㅜ  화 5월 18, 2021 4:29 am악용 어떻게 함? loli, pedophile, shota    화 5월 18, 2021 1:12 pm 이미지 올린 새끼는 관리자 검수후에 보이도록 설정해라 던마야 그럼 되지    화 5월 18, 2021 2:01 pm   화 ",to view. Anonymous 21/06/03(Thu)19:16:51  3544 動画@AV4.us Anonymous 21/06/03(Thu)19:17:13  3545 loli shota pedo Anonymous 21/06/03(Thu)21:45:30  3549 중고딩 강간 영상도 있네 응애 응애 21/06/06(Sun)01:35:48  3633 응애 ,,,
5,국산물,"안받아지지 자료가 아는 사람? 미미샵 문닫았냐? 안닫았으면 주소좀 던져 주라 엄카스.jpg 코챈지금안들어가지지? 막힌지한참된거같은데 애플 검열 시스템 Mac 신버전에도 적용 예정 국산물사이트 운영자 왜이렇게 좆같냐 어떤건 요청들어� 윤드로저 꼴리는년 후기좀 윤드 4, 5차 삽니다 닼린이 싱가포르 VPS 2개 설치비 없이 팜. Instagram 대안 프론트엔",바다로 만들 방법 없을까? 니들이 상상하는거 맞다. 목숨을 담보로 테러 일으킬 생각이다. 코챈 찐들은 뒤질 일 없으니깐 안심하고 시나리오 적어줘. 맘에 들면 영상 존나 뿌려줄게. 국산물 5테라 갖고 있다. Anonymous 20/11/20(Fri)17:10:44  1022 ANFO만드셈. 질산암모늄 94에 경우6스까고 적당한 뇌관 박으면 존나쌘 폭발물 만들,바다로 만들 방법 없을까? 니들이 상상하는거 맞다. 목숨을 담보로 테러 일으킬 생각이다. 코챈 찐들은 뒤질 일 없으니깐 안심하고 시나리오 적어줘. 맘에 들면 영상 존나 뿌려줄게. 국산물 5테라 갖고 있다. ¨ Anonymous 20/11/20(Fri)17:10:44  1022 ANFO만드셈. 질산암모늄 94에 경우6스까고 적당한 뇌관 박으면 존나쌘 폭발물 ,#30236 2020-5-8 오후 2:37 얘들아 제 사이트 만들어보자 컴터 잘하는 사람 총대매서 제작하면 돼 국산물 올려야  받아주는 형태로 구성하고 야동도 모으고 완장질도 하고 시간 많은 사람이 하기에 좋음 1 서버비도 안나오겠다 2020-5-8 오후 2:43 7 1 ㅇㅇ. 만드는건 어,#35156 2020-7-11 오전 3:01 홍도 갑자기 국산물 금지해서 뭔가했네 ㅋ 영자놈이 노리터 보고 쫄은거네. ㅋㅋ 어제까지 국산공유하다 이제 금지하면 뭐하노 ㅋㅋ 잡히질 말아야지 ㅉㅉ 1 병신인거지. 이제부터 금지한다고 과거에 ,"해 2월까지 올라온 텔레방 자료 개인방에 복사한게 있었는데 10일간 다운받았다 텔레그램은 서버에 자료 영구저장되니깐 방폭, 이용자 탈퇴 상관없이 자료 그대로 있더라 총 350기가 국산물인데 외장하드 케이블 꽂고 암호화 폴더에 꽉꽉 채워넣었음 안드로이드폰 이용했는데 충전중에 안꺼지게 설정해놓고 출근하고 퇴근해서 저녁먹을때까지 15시간씩 10일 내내 돌리니깐 ",바다로 만들 방법 없을까? 니들이 상상하는거 맞다. 목숨을 담보로 테러 일으킬 생각이다. 코챈 찐들은 뒤질 일 없으니깐 안심하고 시나리오 적어줘. 맘에 들면 영상 존나 뿌려줄게. 국산물 5테라 갖고 있다. Anonymous 20/11/20(Fri)17:10:44  1022 ANFO만드셈. 질산암모늄 94에 경우6스까고 적당한 뇌관 박으면 존나쌘 폭발물 만들,바다로 만들 방법 없을까? 니들이 상상하는거 맞다. 목숨을 담보로 테러 일으킬 생각이다. 코챈 찐들은 뒤질 일 없으니깐 안심하고 시나리오 적어줘. 맘에 들면 영상 존나 뿌려줄게. 국산물 5테라 갖고 있다. Anonymous 20/11/20(Fri)17:10:44  1022 ANFO만드셈. 질산암모늄 94에 경우6스까고 적당한 뇌관 박으면 존나쌘 폭발물 만들,한참을 웃었다 2020-6-13 오후 3:30 #32999 2020-6-12 오후 7:37 폰헙 어떻게 업로드함? 을 해야지 2020-6-13 오전 10:34 180석의 세상이다 국산물 업로드는 조심해라 훠훠훠 2020-6-13 오전 11:40 ㄴ2 정치 드립충 역겹네ㅋㅋㅋㅋㅋㅋ 2020-6-13 오전 12:53 ㄴ4 180석 뽑은 노예새끼들 역겨운거 맞는,바다로 만들 방법 없을까? 니들이 상상하는거 맞다. 목숨을 담보로 테러 일으킬 생각이다. 코챈 찐들은 뒤질 일 없으니깐 안심하고 시나리오 적어줘. 맘에 들면 영상 존나 뿌려줄게. 국산물 5테라 갖고 있다. ¨ Anonymous 20/11/20(Fri)17:10:44  1022 ANFO만드셈. 질산암모늄 94에 경우6스까고 적당한 뇌관 박으면 존나쌘 폭발물 ,간 감시 시스템을 만들었구나! 대단하다 좆플! Child Sexual Abuse Material (CSAM) Anonymous 21/08/14(Sat)16:03:13  6275  국산물사이트 운영자 왜이렇게 좆같냐 어떤건 요청들어와서 금지시키고 어떤건 되고 그럴거면 그냥 접든가 페도물제외하면 뭐가 문제? 윤드로저 꼴리는년 후기좀 Anonymous 21/08,바다로 만들 방법 없을까? 니들이 상상하는거 맞다. 목숨을 담보로 테러 일으킬 생각이다. 코챈 찐들은 뒤질 일 없으니깐 안심하고 시나리오 적어줘. 맘에 들면 영상 존나 뿌려줄게. 국산물 5테라 갖고 있다. Anonymous 20/11/20(Fri)17:10:44  1022 ANFO만드셈. 질산암모늄 94에 경우6스까고 적당한 뇌관 박으면 존나쌘 폭발물 만들,2019-2-2 오후 5:50 [ Agora-48738 ] 딸이나 여동생이나 아는 로리랑 성관계해보는 눈팅님들 영상 좀 풀어보세요. 한국엔 아청법 위반 등록자가 3000명 넘는데 국산물은 로리가 직접 찍은 셀프캠만 50개밖에 없는게 뭡니까? 보지나 애널 제대로 삽입하는거 찍고 유포해서 레전드 함 찍어 봅시다. 1 응 나혼자 볼거야 2 48739 있는척 하네, 남성가족부         Currently 1 unique user posts. Anonymous 21/08/14(Sat)16:03:13  6275 국산물사이트 운영자 왜이렇게 좆같냐 어떤건 요청들어와서 금지시키고 어떤건 되고 그럴거면 그냥 접든가 페도물제외하면 뭐가 문제?   ,"적으로 늘어나고 있고 여장, 여장바텀같은거 존나 유행함 최근엔 지인제보나 지인능욕 이런거 생겼고 중고딩 성매매 예전보다 많아짐 화장실몰카나 업스에 환장하는 놈들도 열배는 많아졌고 국산물 와꾸 반반한건 영상당 누적조회수 300만 넘어감 정부가 일본의 쥐좆만큼이나 야동공유 눈감아줬다면 열거한 새끼들 지금의 절반도 안되었을거임 1 옛날게이들 처럼 안드러내다가 인",#28096 2020-4-21 오후 7:29 국산물은 앨리스보다 린덱스에 넘사벽으로 많다 1 린덱들어가면 에러난다 2020-4-21 오후 7:32 2 머라고 해야하냐?? 2020-4-21 오후 7:33 3 ㄴ2 그냥 kore,바다로 만들 방법 없을까? 니들이 상상하는거 맞다. 목숨을 담보로 테러 일으킬 생각이다. 코챈 찐들은 뒤질 일 없으니깐 안심하고 시나리오 적어줘. 맘에 들면 영상 존나 뿌려줄게. 국산물 5테라 갖고 있다. Anonymous 20/11/20(Fri)17:10:44  1022 ANFO만드셈. 질산암모늄 94에 경우6스까고 적당한 뇌관 박으면 존나쌘 폭발물 만들,바다로 만들 방법 없을까? 니들이 상상하는거 맞다. 목숨을 담보로 테러 일으킬 생각이다. 코챈 찐들은 뒤질 일 없으니깐 안심하고 시나리오 적어줘. 맘에 들면 영상 존나 뿌려줄게. 국산물 5테라 갖고 있다. ¨ Anonymous 20/11/20(Fri)17:10:44  1022 ANFO만드셈. 질산암모늄 94에 경우6스까고 적당한 뇌관 박으면 존나쌘 폭발물 ,바다로 만들 방법 없을까? 니들이 상상하는거 맞다. 목숨을 담보로 테러 일으킬 생각이다. 코챈 찐들은 뒤질 일 없으니깐 안심하고 시나리오 적어줘. 맘에 들면 영상 존나 뿌려줄게. 국산물 5테라 갖고 있다. Anonymous 20/11/20(Fri)17:10:44  1022 ANFO만드셈. 질산암모늄 94에 경우6스까고 적당한 뇌관 박으면 존나쌘 폭발물 만들,#18809 20191127 2019-11-26 오후 6:43 요즘 국산물 어디서 보냐 새로운게 없어ㅅㅂㅠㅠ 댓글 암호 닉네임
6,근친상간,"/02/21(Sun)11:54:24  2454 r@ygold, Siberian Mouse 같은거? ㅋㅋ Anonymous 21/06/06(Sun)03:46:34  3644 성노예 근친상간 꼴린다 Anonymous 21/06/07(Mon)11:07:48  3772 노가다 존나 했는데도 코빼기만도 안보인다 쩔좀 해달라.. Anonymous 21/06/08(Tu"," 따먹고싶다는건 정신병 아니냐 동성애도 DSM (Diagnostic and Statistical Manual of Mental Disorders)에서 정신병에서 제외된지가 언젠데 근친상간은 처음부터 DSM에 정신병으로 올라간 적도 없고    목 4월 22, 2021 12:17 pm 정상    화 4월 27, 2021 7:03 am   월 4월 05, 202",짜 개노답 아기 포르노 http://teenxxxbtl7wsllp.onion/image.php?di=5I973 http://teenxxxbtl7wsllp.on 코챈마켓 성경 보면 근친상간이랑 유부녀 강간 얘기 많던데. 인종� 수능 대리. 의대 가능자 급구. 세션 05d0a12b18d14031400ab2197 중고딩팩.zip 이거 비번 아는 사람? https, 남자던 낙타던 띠먹는 타입임 이런새끼들이 군대에서 남자따먹다가 나가서 결혼하고 정상인척함 2020-4-5 오후 4:58 5 글쓴거보니 죄책감이 약간남았나본데 좀있으면 지자식이랑 근친상간하고 또 글올라올거같으니 기대해볼만하네 좆같은새끼 ㅋㅋㅋㅋ 너같은새끼옆에잇으면 데리고다니면서 존나 패는건데 2020-4-5 오후 4:59 6 586세대가 정말 심각한 사회의,"34 44 43 워마드 하는 여자인데도 한남한테 욕 안 하고 차분히 말하네 2020-4-30 오후 1:57 45 44 코챈 애들도 워마드 애들처럼 어느정도는 컨셉질이니까. 여기서 근친상간, 로린이 강간 그렇게 떠들어도 사실 그냥 컨셉질로 하는 애들도 꽤 되니까. 2020-4-30 오후 2:01 46 45 워마드 애들이 한남 죽인다고 그러고, 쇼타 따먹는다고",#31760 2020-5-22 오후 3:13 권가현 애비한테 딸 강간당하는 영상 보여주면 자지 설까? 강제 근친상간 시키고 싶다 1 이미 풀팩 소지중임 2020-5-23 오후 2:26 2 나 가현이 아빤데 오늘도 그걸로 한발 뺐다 2020-5-24 오후 8:18 작성, 플러스 자지에 자극오는 쾌감. 결론은 결국엔 강간까지 헸고 동영상도 찍었다 Anonymous 20/08/30(Sun)19:23:12  231  문재인이 에 히토미 마도카 주연의 근친상간물을 올렸지 Anonymous 20/08/30(Sun)19:23:44  232 고민정이 문재인 대통령되기 전에 대변인이었던 시절에 문재인이 는 직접 올린다고 확인해줬단다 그, 사기꾼 보지년 Anonymous 21/06/19(Sat)07:27:23  4524 혼자해 시발아 Anonymous 21/06/19(Sat)07:03:12  4519  성경 보면 근친상간이랑 유부녀 강간 얘기 많던데. 인종청소도 하고. 다른 부족 마을에 쳐들어가서 남자는 다 죽이고 여자는 강간하고 두 딸이 아버지한테 술먹이고 3p로 따먹거나 이복여동생 강간,#35174 2020-7-11 오후 6:13 고은아-미르 남매가 근친상간 루머에 휩싸이게 된 것은 지난 2010년 한 케이블 방송에서 이들이 서로 포옹을 하고 뽀뽀를 하는 등 자연스러운 스킨십이 포착돼 논란이 일었었다. 고은아는 2010년 10,지금도 가족간의 절도 같은건 고소도 못 하던데. 가족끼리 알아서 해결하라고. 2020-4-8 오후 10:25 16 15 금친강간 - 근친강간. 지금도 한국은 서로 합의 하에 가진 근친상간 관계는 형법으로 처벌 안 함. 근친혼은 민법으로 허용 안 하고 있지만. 2020-4-8 오후 10:26 작성,"/02/21(Sun)11:54:24  2454 r@ygold, Siberian Mouse 같은거? ㅋㅋ Anonymous 21/06/06(Sun)03:46:34  3644 성노예 근친상간 꼴린다 Anonymous 21/06/07(Mon)11:07:48  3772 노가다 존나 했는데도 코빼기만도 안보인다 쩔좀 해달라.. Anonymous 21/06/08(Tu",살쯤 되면 진짜 남친이나 여친을 만드니까 이전까지 부모나 나이 차이 나는 남매가 대신 해준 가짜 남친이나 여친은 필요없어져서 그런가? 가끔 13살이 넘어도 그런 증상이 남아있어서 근친상간 관계로 발전하는 경우도 있고. 2 10-13살이 정도 - 10-13살정도 3 인간이랑 유전자가 99% 일치하는 보노보(피그미 침팬지)도 남매간에 유사 짝짓기 행위 하는 거,"2 오후 5:08 [아고라에서 가져옴] http://c2djzrn6qx6kupkn.onion/res/39448.html 강간, 수간(다른 종 강간), 시간(시체 강간), 동성애, 근친상간, 소아성애 등은 자연의 세계에서도 많이 관찰된다. 성관계의 즐거움을 아는 동물들은 성숙한 암컷이 없는 경우에도 어떻게든 그 즐거움을 충족시키려고 한다. 동물들의 해괴망측한"," 던전마스터 씨발놈이 지 마음에 안드는 글은 싸그리 다 지우네 고, 사상의 자유고 없다. 여기가 중국도 아니고 Anonymous 21/03/30(Tue)03:34:56  2685 근친상간 하고 싶다거나 중고딩이랑 하고싶다고 그냥 글 올려진것도 던마가 지운다 중국식 자체 사상 검열 Anonymous 21/03/30(Tue)03:37:32  2686 괜히 선진","2-14 오후 11:59 9 8 근친혼에서 가장 유명한게 스웨덴이고. 이복남매나 이부남매의 혼인까지는 허용해주니까. 2020-2-15 오전 0:00 10 9 유럽에서는 특이하게도 근친상간 처벌법이 있어서 감옥 간 독일 남매도, 차라리 같은 EU 국가인 스웨덴으로 이주해서 같이 살지? 왜 굳이 독일에서 살면서 감옥에 가냐? 어차피 EU 시민권자는 EU 국가들","소송거는거랑 똑같지 2020-4-27 오전 2:38 4 이부진 삼성가 귀부인한테 질내사정 시원하게 해보고 싶다 2020-4-27 오전 3:12 5 4 28691 이재용, 이부진은 근친상간해도 처벌하면 안 돼 2020-4-27 오전 7:12 작성","/02/21(Sun)11:54:24  2454 r@ygold, Siberian Mouse 같은거? ㅋㅋ Anonymous 21/06/06(Sun)03:46:34  3644 성노예 근친상간 꼴린다 Anonymous 21/06/07(Mon)11:07:48  3772 노가다 존나 했는데도 코빼기만도 안보인다 쩔좀 해달라.. Anonymous 21/06/08(Tu",e)06:32:29  2793 동성애도 DSM (Diagnostic and Statistical Manual of Mental Disorders)에서 정신병에서 제외된지가 언젠데 근친상간은 처음부터 DSM에 정신병으로 올라간 적도 없고 Anonymous 21/04/06(Tue)08:49:21  2794 니 여동생이 못생겨서 그럼 내 여동생은 꼴린다 의붓여동,,
7,김근식,16(Fri) 16:00:10  615 살아있어  2021/07/16(Fri) 17:02:25  620 거기 서버 무료 웹 호스팅 쓰는거같은데 맨날 죽는게 '소녀 11명 성폭행' 김근식  2021/07/10(Sat) 15:54:14  209  210 조두순만큼 끔찍…'소녀 11명 성폭행' 김근식 9월 출소한다 2021.07.09 전과 19범인 상태로 연쇄 ,16(Fri) 16:00:10  615 살아있어  2021/07/16(Fri) 17:02:25  620 거기 서버 무료 웹 호스팅 쓰는거같은데 맨날 죽는게 '소녀 11명 성폭행' 김근식  2021/07/10(Sat) 15:54:14  209  210 조두순만큼 끔찍…'소녀 11명 성폭행' 김근식 9월 출소한다 2021.07.09 전과 19범인 상태로 연쇄 ,   -  -     '소녀 11명 성폭행' 김근식  2021/07/10(Sat) 15:54:14  209 210 조두순만큼 끔찍…'소녀 11명 성폭행' 김근식 9월 출소한다 2021.07.09 전과 19범인 상태로 연쇄 성,16(Fri) 16:00:10  615 살아있어  2021/07/16(Fri) 17:02:25  620 거기 서버 무료 웹 호스팅 쓰는거같은데 맨날 죽는게 '소녀 11명 성폭행' 김근식  2021/07/10(Sat) 15:54:14  209  210 조두순만큼 끔찍…'소녀 11명 성폭행' 김근식 9월 출소한다 2021.07.09 전과 19범인 상태로 연쇄 ,,,,,,,,,,,,,,,,
8,대딸방,"              Anonymous 2021/03/27(Sat)12:08:55  1359 텔레그램에서 아동성착취자료 및 N번방, 박사방, 윤드로저 공유하는 ""대딸방"" 인원 684명 하루 빨리 검거되길 바랍니다. ¨ Anonymous 2021/03/27(Sat)15:11:33  1361 경찰님들 꼭 부탁드립니다 Anonymous 2021","작 찍었어야했는데 존나 후회중이다.. Anonymous 2021/03/27(Sat)12:08:55  1359  텔레그램에서 아동성착취자료 및 N번방, 박사방, 윤드로저 공유하는 ""대딸방"" 인원 684명 하루 빨리 검거되길 바랍니다. ¨ Anonymous 2021/03/27(Sat)15:11:33  1361 경찰님들 꼭 부탁드립니다 Anonymous 2021","#8394 2019-2-2 오후 5:28 [ Agora-44537 ] 유흥탐정 db가 뭐냐??ㅁ 1 성매매 업소(키스방, 대딸방 등 유사 성매매 업소도 포함?) 출입자들 이랑 폰 번호 데이터베이스 작성","2-2 오후 5:28 [아고라에서 가져옴] http://c2djzrn6qx6kupkn.onion/res/44537.html 유흥탐정 db가 뭐냐??ㅁ 1 : 성매매 업소(키스방, 대딸방 등 유사 성매매 업소도 포함?) 출입자들 이랑 폰 번호 데이터베이스 댓글: 암호: 닉네임:","작 찍었어야했는데 존나 후회중이다.. Anonymous 2021/03/27(Sat)12:08:55  1359  텔레그램에서 아동성착취자료 및 N번방, 박사방, 윤드로저 공유하는 ""대딸방"" 인원 684명 하루 빨리 검거되길 바랍니다. Anonymous 2021/03/27(Sat)15:11:33  1361 경찰님들 꼭 부탁드립니다 Anonymous 2021/0","3614 윈도우 - 버추얼박스 - 후닉스 Anonymous 21/03/27(Sat)12:05:27  3592  텔레그램에서 아동성착취자료 및 N번방, 박사방, 윤드로저 공유하는 ""대딸방"" 인원 684명 하루 빨리 검거되길 바랍니다. Anonymous 21/03/28(Sun)13:02:29  3612 대딸방 인원 1090명으로 늘어났네요 모두 검거되길 바랍니","            Anonymous 21/03/27(Sat)12:05:27  3592 텔레그램에서 아동성착취자료 및 N번방, 박사방, 윤드로저 공유하는 ""대딸방"" 인원 684명 하루 빨리 검거되길 바랍니다. ¨ Anonymous 21/03/28(Sun)13:02:29  3612 대딸방 인원 1090명으로 늘어났네요 모두 검거되길 바","3614 윈도우 - 버추얼박스 - 후닉스 Anonymous 21/03/27(Sat)12:05:27  3592  텔레그램에서 아동성착취자료 및 N번방, 박사방, 윤드로저 공유하는 ""대딸방"" 인원 684명 하루 빨리 검거되길 바랍니다. Anonymous 21/03/28(Sun)13:02:29  3612 대딸방 인원 1090명으로 늘어났네요 모두 검거되길 바랍니","/28(Sun)15:03:59  3616 Anonymous 21/03/27(Sat)12:05:27  3592  텔레그램에서 아동성착취자료 및 N번방, 박사방, 윤드로저 공유하는 ""대딸방"" 인원 684명 하루 빨리 검거되길 바랍니다. Anonymous 21/03/28(Sun)13:02:29  3612 대딸방 인원 1090명으로 늘어났네요 모두 검거되길 바랍니","작 찍었어야했는데 존나 후회중이다.. Anonymous 2021/03/27(Sat)12:08:55  1359  텔레그램에서 아동성착취자료 및 N번방, 박사방, 윤드로저 공유하는 ""대딸방"" 인원 684명 하루 빨리 검거되길 바랍니다. Anonymous 2021/03/27(Sat)15:11:33  1361 경찰님들 꼭 부탁드립니다 Anonymous 2021/0","기본점수는 먹고감 ㅎㅌㅊ 여자들은 바로 대주고 ㅍㅌㅊ는 몇 번 봐서 매너있게 다가가면 수위 점점 올려줌 ㅅㅌㅊ는 돈,시간 버리며 공들여야돼서 그냥 여친사귀는게 나음 한 10년전엔 대딸방, 립카페, 휴게텔같은 수위백프로보장되는 숏타임 업소들이 많았는데 요즘엔 키스방이 각만 잘 재면 그걸 다 해주니까 거의 다 사라짐 키스방은 단속걸려도 대화만했다고 하면 그만이","올라타서 ㅂㅈ로 쓰담쓰담 하는데 보통 털때문에 수세미로 닦는 느낌인데 왁싱한 친구들 타면 그때부터는 머리속에 넣고 말겠다는 생각밖에 안듬. 서비스 수위는 지역마다 천차만별. 4. 대딸방, 귀청소방, 사창가 - 한번도 안가봤고 갈 생각도 없음. 2번, 3번만 가도 한지역에서 다가기 힘들고 여자도 너무 많음. 일주일에 3~4번씩 갔는데 연애할때보다 돈 적게씀.",,,,,,,,
9,돈다발남,"17:15:20  2627  http://kbmoo5tif5spihee6ynclxetwcyfjxznmvyq5bi7a42feubqubmwxlyd.onion/ 윤혁준,고돌링,윤드로저,돈다발남,....자유로운 거래마켓입니다 많은이용 부탁드립니다 3 posts omitted. Click Reply to view. ¨ 교환할 사람 Anonymous 21/03/25(","17:15:20  2627  http://kbmoo5tif5spihee6ynclxetwcyfjxznmvyq5bi7a42feubqubmwxlyd.onion/ 윤혁준,고돌링,윤드로저,돈다발남,....자유로운 거래마켓입니다 많은이용 부탁드립니다 3 posts omitted. Click Reply to view. ¨ 교환할 사람 Anonymous 21/03/25(",,,,,,,,,,,,,,,,,,
10,로리콘,; 차라리 엄마나 누나한테 졸피뎀 먹이고 따먹다가 걸렸어야지 무르시엘라고멋있을라고 21/06/12(Sat)09:19:11  4100 4071 씨빨 약쟁이세키들은 인정 못한다 씨발 로리콘들은 석궁 들고서 중국 아편전쟁처럼 사회의 해악 뽕쟁이들 사냥하러 다녀야한다 Anonymous 21/06/12(Sat)10:04:56  4104 4073 나는 최소 3살때까지,s 20/10/11(Sun)14:19:20  660 처녀막 있는 로린이 강간하고싶다 Anonymous 20/10/14(Wed)19:17:15  673 루리웹은 호시노 루리를 빨던 로리콘 진인환이 세움 https://ruliweb.com/ TAC 20/10/14(Wed)03:24:59  672  TAC’s teen model and actress direct,"2020-4-21 오전 5:42 29 아직 안팔렸나요??? 2020-4-21 오전 6:13 30 임은정, 서지현처럼 좆린이 따먹는 쇼타콘들이나 이현재 서울시립대 교수처럼 남자들의 로리콘은 범죄이지만 여자들의 쇼타콘은 취향이라는 내로남불 페미나치년들 쏴죽여야지 2020-4-22 오전 2:06 31 후장자위 용도로 구매완료 했습니다 2020-4-22 오전 7:",; 차라리 엄마나 누나한테 졸피뎀 먹이고 따먹다가 걸렸어야지 무르시엘라고멋있을라고 21/06/12(Sat)09:19:11  4100 4071 씨빨 약쟁이세키들은 인정 못한다 씨발 로리콘들은 석궁 들고서 중국 아편전쟁처럼 사회의 해악 뽕쟁이들 사냥하러 다녀야한다 Anonymous 21/06/12(Sat)10:04:56  4104 4073 나는 최소 3살때까지,"#3538 2019-2-2 오후 4:11 [ Agora-18858 ] 문재인 종북이냐? 아니면 빨갱이는 맞는데 리석기나 림수경처럼 종북 수준은 아니냐? 1 문재인 몰아내고 로리콘이 합법인 국가를 건설해야 하는데 2 리석기는 이미 감옥에서 윤간당해서 후벌후장 돼버렸고, 림수경은 감옥 말고 공창으로 보내서 허벌보지 만들어야 한다! 작성",;; 하지만 가슴이 많이 크고 영상이 많음.. 8번방은 유수연 단독노예.. 커터칼로 보지에 노예라고 써놓은것과 장애인 사까시로 유명... 자살했다는 썰도 있으나 개구라인걸로 보임 로리콘방 와꾸 쓰렉 설명생략 쓰레기방 이다은:주변에 한명쯤 있을법한 안경여고딩... 와꾸는 평타 모두 즐딸~~~ 1 #14163 #14164 글도 참고 ㄱㄱ 2020-3-20 오전,#9530 2019-2-2 오후 5:47 44978 하시발 내년부터 급식처먹네 1 초딩부터 먹는 급식을 아직 안 먹는다는 건 유딩이라는 소리냐? 2 선생됬다는거겠지 생각해보니 로리콘이 선생됬네 ㄷㄷ 작성,2 오전 12:53 7 6 코챈에선 일베충이나 웜퇘지나 둘 다 영어도 못 하고 가난해서 해외 유학도 못 가고 무식하다고 욕 먹는데 병신이 2020-5-12 오후 1:13 8 병신 로리콘충새끼들 싸그리 다 쳐 잡혔으면 좋겠다 2020-5-12 오후 2:06 작성,#25969 노고무통 2020-4-7 오전 12:47 나가뒤져 로리콘새끼들아 너희랑 같은 나라에 사는게 역겹다 작성,#22547 2020-2-27 오후 4:26 이거 영상좀 찾아줄 사람있냐 ㅠㅠ http://twlba5j7oo5g4kj5.onion/?img=211514325214.jpg 1 으 로리콘새끼 뒤져 2020-2-27 오후 4:57 2 개흔한건데 이게 없노? ㅋㅋ 2020-2-27 오후 5:01 3 없다 제발 구해줘라 ㅠ 2020-2-27 오후 5:08 4 ba,; 차라리 엄마나 누나한테 졸피뎀 먹이고 따먹다가 걸렸어야지 무르시엘라고멋있을라고 21/06/12(Sat)09:19:11  4100 4071 씨빨 약쟁이세키들은 인정 못한다 씨발 로리콘들은 석궁 들고서 중국 아편전쟁처럼 사회의 해악 뽕쟁이들 사냥하러 다녀야한다 Anonymous 21/06/12(Sat)10:04:56  4104 4073 나는 최소 3살때까지,"9:31 로리 보는 새끼들 특징이 대부분 비만이거나 외적으로 여자에게 어필 못 하는 찐따들임. 성욕은 있는데 동년배한테 거절당하니 어린이한테 성욕이 옮겨붙음. 여친 생기면 대부분 로리콘들은 치유됨. 1 나 20살 청년인데.우리 동년배들도 다그렇게 생각한다 ! ! 2019-6-13 오후 9:53 2 나 남자인데, 요즘 한남충들은 너무 찌질한 것 같음. 우리 ",애가 누군지모름 수고링~ 2 : 도대채 얼굴사진같은거 어디서 받는거냐? 3 : 남유빈이 정승준 애미인데 이년보다는 나이 들었겠지 4 : 이사람임? 5 : 남유빈이 키 147cm라 로리콘인 정승준이 지 애미임에도 꼴려서 따먹음 6 :  28055 만 같은 다른 사람이겠지 7 : http://ln6vyadk4hv3dnyt.onion/i/1c4u0k5au.jpg,c2djzrn6qx6kupkn.onion/res/23467.html 내 은 소년A [http!] http://marumaru.in/b/manga/255285 중학생을 좋아하는 게 로리콘이라니? 중학생은 로리가 아니라고? 로린이는 생리 전까지! 그나저나 일본도 소년법 때문에 만 13세인 중1은 학교 선생님 죽여도 처벌 안 받네. 1 : 초딩 강간했는데도 성범,#2969 2019-2-2 오후 4:06 [아고라에서 가져옴] http://c2djzrn6qx6kupkn.onion/res/16276.html 정승준 열심히해라 로리콘일줄은 몰랐노 이기 승준이가 최고야? 1 : 왕따라서 여기서 친구욕함 댓글: 암호: 닉네임:,659 2019-8-29 오후 5:33 중국은 면웹에도 하드코어 로리물 대놓고 올리던데 얘네는 단속 안하냐? 1 주소좀주라 ㅇ 2019-8-31 오전 2:36 2 짱개들은 근본이 로리콘이다 마오쩌동도 로리콘이었고 걔들은 공산당 반대하는거나 살인 강도 강간 같은 중대 범죄 제외하고 처벌 약하다 2019-8-31 오전 9:31 3 주소앙망합니다 형님 제발 20," 꼴리는게 페도인데 뭘 분리해가. 그게 그건데 8 성인이랑 쇼타 강간 영상같은 건 H2TC에 남고, L2TC에는 로리 강간 영상이 넘어갔다는 거 아닌가? 9 pedophile에는 로리콘이랑 쇼타콘이 모두 포함되는데 10 H2TC는 주로 쇼타나 로리에게 고통을 주면서 따먹는 영상 위주 아니냐? 11 4살 로리 강간 고문 살해 영상 존나 꼴리겠네 작성",#476 2019-2-2 오후 3:49 [ Agora-2957 ] 이거 다허용하고 ㄹㄹ물다운한번받앗는데잡혀감? 1 재수없는 놈들만 잡혀감. 왜냐하면 로리콘은 너무 많아서 다 못 잡음. 작성,시퀀스 가동됬네 빨리 3주안에 받아야겠노 1 자폭시퀀스가 뭐냐?? 뭔소리임 2019-9-10 오후 7:36 2 1 좀있으면 터진다고 병신아 2019-9-10 오후 8:11 3 1 로리콘 아니면 알 필요 없다 2019-9-10 오후 8:18 4 1 이걸 이해 못하는 대가리면....왜 사냐?? 아니며 나이가 졸라 어린가? 이제 막 중학교 올라간 좆꼬맹이 새낀가,#3010 2019-2-2 오후 4:06 [ Agora-16445 ] 로리콘 마약쟁이 밖에없네 ㅎ 자살카페 같은건 없어? 1 아고라가 자살 카페임. 자살 용품 뭐 구하냐? 2 딸은 너무 사랑스러움. 보지도 너무 예뻐서 자궁에 정액을 가득 채워주고 싶
11,리벤지,"019-10-18 오후 4:20 21 대충봤는데 일반 성인물이 대다수구만 이런건 구글에서 협조안해서 경찰이 못잡음 2019-10-18 오후 5:23 22 21 성인물이라도 몰카, 리벤지 포르노는 이제 미국에서도 불법이라 구글이 수사에 협조해 줌 2019-10-18 오후 10:41 23 좆도 모르는 병신새끼들은 걍 다 꺼져라 좀 2019-10-18 오후 10",:05  3366  윤드로저 조유라 몇날며칠 찾아도 못찾고있어요ㅠ 올려주실 형님 없나요?ㅠ Anonymous 21/06/01(Tue)07:40:20  3372 김현민은 윤혁준처럼 리벤지 포르노 가해자 Anonymous 21/06/01(Tue)07:40:55  3373 피해자들이 서울대 로스쿨 단톡방에 공론화시키면서 김현민 자살함 Anonymous 21/05, 취재능력 딸려서 기사 못쓰니까 병신같은 프레임으로 선동하고있네 1 이게 맞지ㅋㅋㅋㅋㅋㅋㅋㅋㅋㅋㅋ 2020-4-11 오전 1:18 2 할짓없으면 애미창남 박형진 개새키나 잡아가라 리벤지포르노당한여자들한테 야동삭제해주는척 피눈물나게 만든 형진이 ㅋ 2020-4-11 오전 2:39 작성,334 https://arca.live/b/breaking/1135567 지금은 아카 라이브 Anonymous 21/05/30(Sun)18:25:45  3335 XX_2님 과거에 리벤지 포르노 희생양이었다고 들었는데 그거 거짓말이죠? 진짜라면 각성챈에서 성드립이 나올수가 없는데 Anonymous 21/05/30(Sun)18:26:45  3336 조주빈이나 ,05  3366 윤드로저 조유라 몇날며칠 찾아도 못찾고있어요ㅠ 올려주실 형님 없나요?ㅠ ¨ Anonymous 21/06/01(Tue)07:40:20  3372 김현민은 윤혁준처럼 리벤지 포르노 가해자 Anonymous 21/06/01(Tue)07:40:55  3373 피해자들이 서울대 로스쿨 단톡방에 공론화시키면서 김현민 자살함   ,"9E%85%EC%88%98-%ED%99%95%EC%A0%95/ar-BBPIerM 4 로리 야동도 아닌데 미국이 왜 간섭하는거? 5 면웹 야동 시대의 종말이냐 48017 미국에서도 리벤지 포르노는 위법인걸로 암 아마 이걸로 빌미를 만드는듯 6 자세히는 모르지만, 텀블러에서 조치하지 못한 아동 포르노가 해당 사이트들에 올라와서, 그걸 빌미로 공조수사 한 거라고","주소기재로 벌금 폭탄 처먹기 싫으면 자제하는게 좋을거다.^^ 과거 아고라에 주소 알려준 새끼도 벌금 100 나오고 전과생김ㅋㅋㅋㅋㅋ 1 : ㅇㄱㄹㅇ 여시유입된 웜퇘지 유사인류년들 리벤지 포르노라고 달아놓고 낚시하면 랜섬인줄도 모르고 실행파일 켜다 컴퓨터 병신됨 ㅋㅋ 그러다 수리기사한테 하드 털리고 알몸, 보지영상 유출되고 ㅋㅋㅋㅋㅋㅋㅋ 2019-10-18 ",레그램 공유 전용 onion사이트도 오픈할 필요있고 보지들이랑 기레기들 우르르 몰려와서 눈팅 존나 하고 각종 텔레야동방 손쉽게 접근하는 상황자체가 좆같은게 사실 1 : 방장부터가 리벤지포르노나 몰카야동 인증하게 하고 들어오게 만들어야 한다 눈팅 많으면 초반에만 즐겁지 결국 방폭되거나 기사뜨니깐 -ugo 2019-11-11 오후 11:04 2 : ㄴ옳소 20,:05  3366  윤드로저 조유라 몇날며칠 찾아도 못찾고있어요ㅠ 올려주실 형님 없나요?ㅠ Anonymous 21/06/01(Tue)07:40:20  3372 김현민은 윤혁준처럼 리벤지 포르노 가해자 Anonymous 21/06/01(Tue)07:40:55  3373 피해자들이 서울대 로스쿨 단톡방에 공론화시키면서 김현민 자살함 Anonymous 21/05,"는거임    화 6월 29, 2021 3:26 pm 감시하는 놈들이 악용할 수도 있지만 감시하는 모습조차 감시를 당하니까 함부로 행동 못함. 예를 들어서 검찰청 비밀 서버에 있는 리벤지 포르노를 검사들이 감상한다던가 그런게 지금처럼 느슨한 감시국가에서는 걸릴때도 있고 안 걸릴때도 있는데 전국민 바디캠 + 녹음 그리고 이 기록을 잘게 잘게 쪼개서 무작위로 일",334 https://arca.live/b/breaking/1135567 지금은 아카 라이브 Anonymous 21/05/30(Sun)18:25:45  3335 XX_2님 과거에 리벤지 포르노 희생양이었다고 들었는데 그거 거짓말이죠? 진짜라면 각성챈에서 성드립이 나올수가 없는데 Anonymous 21/05/30(Sun)18:26:45  3336 조주빈이나 ," 나라들이나 선진국들보고 오히려 미개하다고 했지. 정말 멍청한게 누군지도 모르면서. 국가가 국민을 체계적으로 감시히기 시작하면 중국처럼 되는것도 순식간. 중국, 러시아도 마약이나 리벤지 포르노, 몰카 등 유해 정보 검열한다는 목적으로 인터넷 검열함    목 6월 10, 2021 1:59 pm 러시아에서 위키피디아 차단한 명목이 마약 관련 정보가 올라와서 였", 이나 댓글에 탈퇴됐다는 글 몇개 있던데 존나 웃기놐ㅋㅋㅋㅋㅋ 딸딸이 적당히쳐라 그리고 씨발 홍도 미라늬인지 씹돼지년 왜케 나대냐 꼴에 보지라고 보빨하는 고렙새끼들도 그렇고 여튼 리벤지포르노 공유하면서 선비질 하는거 웃겨죽겠다 씹ㅋㅋㅋㅋㅋ 2 ㅇㅈ 리벤지포르노도 처벌대상인데 아청은 안되고 그건 또 된다고 지들끼리 웅왱ㅇㅇ 2020-6-28 오후 5:16 4,334 https://arca.live/b/breaking/1135567 지금은 아카 라이브 Anonymous 21/05/30(Sun)18:25:45  3335 XX_2님 과거에 리벤지 포르노 희생양이었다고 들었는데 그거 거짓말이죠? 진짜라면 각성챈에서 성드립이 나올수가 없는데 Anonymous 21/05/30(Sun)18:26:45  3336 조주빈이나 ,:05  3366  윤드로저 조유라 몇날며칠 찾아도 못찾고있어요ㅠ 올려주실 형님 없나요?ㅠ Anonymous 21/06/01(Tue)07:40:20  3372 김현민은 윤혁준처럼 리벤지 포르노 가해자 Anonymous 21/06/01(Tue)07:40:55  3373 피해자들이 서울대 로스쿨 단톡방에 공론화시키면서 김현민 자살함 Anonymous 21/05,334 https://arca.live/b/breaking/1135567 지금은 아카 라이브 Anonymous 21/05/30(Sun)18:25:45  3335 XX_2님 과거에 리벤지 포르노 희생양이었다고 들었는데 그거 거짓말이죠? 진짜라면 각성챈에서 성드립이 나올수가 없는데 Anonymous 21/05/30(Sun)18:26:45  3336 조주빈이나 ," 나라들이나 선진국들보고 오히려 미개하다고 했지. 정말 멍청한게 누군지도 모르면서. 국가가 국민을 체계적으로 감시히기 시작하면 중국처럼 되는것도 순식간. 중국, 러시아도 마약이나 리벤지 포르노, 몰카 등 유해 정보 검열한다는 목적으로 인터넷 검열함    목 5월 27, 2021 8:09 pm 러시아에서 위키피디아 차단한 명목이 마약 관련 정보가 올라와서 였",:05  3366  윤드로저 조유라 몇날며칠 찾아도 못찾고있어요ㅠ 올려주실 형님 없나요?ㅠ Anonymous 21/06/01(Tue)07:40:20  3372 김현민은 윤혁준처럼 리벤지 포르노 가해자 Anonymous 21/06/01(Tue)07:40:55  3373 피해자들이 서울대 로스쿨 단톡방에 공론화시키면서 김현민 자살함 Anonymous 21/05,"계 음성을 상대방의 동의 없이 휴대전화나 소형녹음기로 녹음하거나 유포하는 경우가 빈번하게 발생하고 있는바, 이렇게 녹음된 음성파일 등은 불법영상물과 마찬가지로 상대방을 협박하거나 리벤지포르노의 용도로 악용될 수 있으므로, 이를 성폭력범죄로 처벌해야 한다는 지적이 있음. 이에 녹음기 등을 이용하여 성적 욕망 또는 수치심을 유발할 수 있는 사람의 음성을 상대방","nonymous 2021/03/19(Fri)17:38:33  1148 언제부터 아무때나 성착취성착취거리면서 공포분위기 조성하는데 니들이 생각하는 노예만들고 그러는거 말고, 몰카나 리벤지, 딥페이크처럼 그냥 본인 의사에 반한 합성물이나 유출영상물들을 죄다 성착취물이라고 부른다 Anonymous 2021/03/19(Fri)17:40:50  1149 애초에 식욕"
12,모비즌," girls list url http://trebzwp2nyrsq6urxkeif7iz5 최상급 대마, 해시시, ,  팝니다. High Quality Cannabis, LS 권가현 모비즌 비번 난 도메인 살 돈 아까워서 duckdns 썼음 무료로 duckdns정도� anonfiles에서 받은 파일 추적됨?? 윤드자료 고픈데 딥웹� n번방 박사방 자료들좀 장실","려 놓았다고 함. (차후, 이 부분도 다른식으로 바꿀 수 있음) 모네로 거래하고, 모네로 받으면, 텔 차단. 아래와 같은 목록으로 사기침. 1.엔번 풀팩(25G)  1 .0xmr 모비즌 24분섹 장애인성봉사 등등 포함 2.박사 샘플 모음(1.5G)  0.2xmr 3.중번방 풀팩(24G)  1.5xmr 4.윤드로저 (1.3테라)  2.0xmr 윤드로저 먹튀 ",모두 게임 규칙을 사전에 입력해줘야 했다. 2016년 3월 알파고와 대국하는 이세돌 9단. 한국기원 제공 Post truncated. Click Reply to view. 권가현 모비즌 권가현 20/12/25(Fri)05:12:39  1568  권가현이 모비즌 영상 찍은거 얻고 싶은데 워커나 텔레그램이나 아이디점 남겨주셈 Anonymous 20/12/25(,조(FB공조) 그리고 가장중요한 시민들의 제보가 결정적단서 2020-5-18 오전 1:28 13 ㄴ2텔레그램이 협조했다고?? 미친 구라도 정도껏 처라ㅋㅋㅋㅋ텔레로 잡은 게 아니고 모비즌에서 노출된 앱 정보랑 신원조회 그리고 ip역추적이다 병신아 2020-5-18 오전 2:21 3 보안업체 민간인제보 ㅇㅈㄹ ㅋㅋㅋㅋㅋㅋㅋㅋㅋㅋㅋ 비트코인 계좌 추적해서 잡은거, 합니다 아이스작대기 문의 텔레 QW7767 #아이스 Anonymous 20/11/21(Sat)01:58:21  1044  자료 판매 @Cripsher478 -엔번 풀팩 권가현(+모비즌) 채원(+24분 오프) 정지은 -박사 샘플 모음(1.5G) -중번방 1세트(4G) -중국물뽕(8.4G) -중국장실(734mb) -그 외 국산 노예물(5G) Anonymous,#30899 2020-5-13 오후 5:58 갓갓 이 새낀 병신이라 그냥 자포자기 심정으로 다 내려놓은듯 병신같이 모비즌 동영상에서 단서 질질 흘리고 유포하더니 잡힐때도 병신같네 만약 변호사는 구할려면 구했음 조주빈도 로펌변호사 선임함 갓갓같은 새끼는 빵 들어가면 변호사 안 구한거 존나 후회하,.jpg 시발 이거 존나꼴리네 존나 구하고싶다 Anonymous 21/01/02(Sat)00:54:05  1865 자료 판매 텔레그램 @Cripsher478 -엔번 풀팩 권가현(+모비즌) 채원(+24분 오프) 정지은 -박사 샘플 모음(1.5G) -중번방 1세트(4G) -중국물뽕(8.4G) -중국장실(734mb) -그 외 국산 노예물(5G) 모네로 Anony,#31421 2020-5-19 오전 3:31 형욱이 이놈이 잡힌 거 까진 이해할 수 있다. 연쇄살인마라도 잡듯 경찰력 갈아넣었고 모비즌 화면 노출이나 옛 폰 안 버린 정도 실수는 누구나 할 수 있지. 하지만 경찰에 다 불어놓고 나서야 변호사 선임하는 ㅎㅌㅊ 대가리와 이제서야 왜곡된 성관념 운운하는 비굴한 태,://url.cafe/3568I_d goheaven 21/06/19(Sat)19:35:26  4539  Anonymous 21/06/18(Fri)16:24:15  4506  권가현모비즌.zip 파일 아는사람? 1.01기가짜린데 Anonymous 21/06/18(Fri)16:38:40  4507 4506 파일  올려봐 Anonymous 21/06/19(Sat,모두 게임 규칙을 사전에 입력해줘야 했다. 2016년 3월 알파고와 대국하는 이세돌 9단. 한국기원 제공 Post truncated. Click Reply to view. 권가현 모비즌 권가현 20/12/25(Fri)05:12:39  1568  권가현이 모비즌 영상 찍은거 얻고 싶은데 워커나 텔레그램이나 아이디점 남겨주셈 Anonymous 20/12/25(,나 Anonymous 20/11/20(Fri)05:58:50  1014 682 그럴껄? Anonymous 20/11/20(Fri)05:49:34  1013  n번방 박사방 중번방 모비즌 ㅇㅇㅇ/ㄱㄱㅎ/ㅊㅇ/ 싹다합쳐서 풀팩 ㅍㅍ ㅌㄹㄱㄹ @minminoow 한화13만 ㅍvㅍ 다른애들 20~30 양아치마냥 팔아먹는거 싸게파니까 배알꼴려?ㅋㅋ Anonymous,.jpg 시발 이거 존나꼴리네 존나 구하고싶다 Anonymous 21/01/02(Sat)00:54:05  1865 자료 판매 텔레그램 @Cripsher478 -엔번 풀팩 권가현(+모비즌) 채원(+24분 오프) 정지은 -박사 샘플 모음(1.5G) -중번방 1세트(4G) -중국물뽕(8.4G) -중국장실(734mb) -그 외 국산 노예물(5G) 모네로 Anony,갈기고올란다 시발 토어도안전한거아니엿네 좆같네 1 갓갓이 잡힌거보면 시발 토어도 감시하고있는갑네 와 수사력 좆대 애초에 텔레그램협조 자체가 개소리엿구만 필요도없는거엿네 2 권가현 모비즌 영상 배경 프로파일링으로 추려내서 특정해서 잡고 지가 자백해서 그렇게 된겨 작성,"체적 설명은 없었지만 문씨가 이 휴대전화를 통해 다른 공범에게 지시를 내리거나 연락을 했던 것으로 보인다. 2020-5-14 오후 3:38 2 1 2017년 폰에서 레즈비언 앱, 모비즌 앱 등 현재 범죄에 사용한 앱들과 동일인이라는 증거가 나온듯? 2020-5-14 오후 3:39 3 자기 몸사진 팔아서 돈 쉽게 벌어보려는 채원이나 권가현같은 년들도 나중에 ","려 놓았다고 함. (차후, 이 부분도 다른식으로 바꿀 수 있음) 모네로 거래하고, 모네로 받으면, 텔 차단. 아래와 같은 목록으로 사기침. 1.엔번 풀팩(25G)  1 .0xmr 모비즌 24분섹 장애인성봉사 등등 포함 2.박사 샘플 모음(1.5G)  0.2xmr 3.중번방 풀팩(24G)  1.5xmr 4.윤드로저 (1.3테라)  2.0xmr 윤드로저 먹튀 ", 남성가족부         Currently 1 unique user posts. Anonymous 21/06/18(Fri)16:24:15  4506 권가현모비즌.zip 파일 아는사람? 1.01기가짜린데 ¨ Anonymous 21/06/18(Fri)16:38:40  4507 4506 파일  올려봐 Anonymous 21/06/19(S,#38289 2021-4-30 오전 2:47 N 번방 모비즌까지 공유해줄 게이 없나 작성,#19320 2019-12-9 오전 12:46 모비즌 소리 있는 버전이 있었냐 첨알았네 ㅅㅂ 작성,9:55  1401 갓갓 VPN 안 쓴 거 맞음 Anonymous 21/02/06(Sat)13:30:18  1402 VPN을 사용해 IP주소 우회했다고 하는데 #19769 권가현 모비즌 영상 보면 갤럭시 상단바에 자물쇠 표시 없다. 갓갓이 VPN 안 썻다는 증거임. n번방 21/04/11(Sun)11:38:29  3708 058dc4017762aec78eb,n)15:25:04  1587 bad fathers 양육비 안 주는 나쁜 아빠들 http://badfathers.or.kr/ https://badfathers.or.kr/ 권가현 모비즌 권가현 20/12/25(Fri)05:12:39  1568  권가현이 모비즌 영상 찍은거 얻고 싶은데 워커나 텔레그램이나 아이디점 남겨주셈 Anonymous 20/12/25(
13,미성년,"키자 동료 교사에게 준강간, 강제추행 및 강간 당했다고 무고한 여교사 30대 여성 식당 종업원, 한 남성 공무원에게 성폭행 무고 '성관계 거부했다고'…공무원 성폭행 무고 30대女 미성년 여자 하사 성추행했다며 억울하게 무고당해 300일 넘게 구속당한 남자 상사 부부공갈단. 성폭행 허위신고로 돈 뜯어낸 무고 Anonymous 20/12/24(Thu)00:45",#28354 2020-4-23 오후 6:47 미성년 성착취물 구매·광고도 강력처벌…기소전 범죄수익 몰수 2020.04.23. 범죄수익은닉규제법 개정추진…암호화폐도 추징대상 '온라인 그루밍'도 처벌…협박전 유인 단계서 잡는다 ,"키자 동료 교사에게 준강간, 강제추행 및 강간 당했다고 무고한 여교사 30대 여성 식당 종업원, 한 남성 공무원에게 성폭행 무고 '성관계 거부했다고'…공무원 성폭행 무고 30대女 미성년 여자 하사 성추행했다며 억울하게 무고당해 300일 넘게 구속당한 남자 상사 부부공갈단. 성폭행 허위신고로 돈 뜯어낸 무고 Anonymous 20/12/24(Thu)00:45", ] 비트코인 추적이 되는데 마약은 마약대로 위험하고 페도는 씨발 진짜 개좆되겠네 페도잡혔다는 소리 못들었는데 한국 정부가 페도 사랑하는거냐? 1 페도가 왜 안잡혀? 이명박정부때 미성년포르노사태 모르냐? 2 이명박은 페도를 싫어하고 박근해 문재인은 페도 사랑하는거냐? 3 ㅋㅋㅋㅋㅋㅋㅋ맞다 4 와.. 저딴 멍청한소리를 하고있네 기사도 안보고 사냐 아동 청소년,"는데. 그냥 한국 경찰선에서 털고 운영자, 하드업로더 잡혀가고 말았거든. 소프트물은 막 fbi 뜨고 그런거 없음? 2019-10-23 오전 12:09 2 : 엑스비디오나 폰헙에도 미성년 자위물 넘치는데 잡냐? 그거랑 비슷하지 2019-10-23 오후 5:15 3 : 외국 사이트에서 공유가능하지. 동양인은 털만 나면 안잡을듯 걔네는 2019-10-23 오후 ",근데 갓갓 이새끼는 나이도 어린게 이상성욕에 싸이코기질까지 가지고있네ㅋㅋㅋㅋㅋ 칼로 문신하는거 보고 마이 놀랐다 아니노? ㅋㅋㅋ 1 어리니까 하는거지. 겁상실때 아니냐. 주도자들 미성년이 많다던데.. 사패들이 머리가 여물지 않아서 무서운걸 모를때지. 2020-4-12 오후 1:01 2 수능 준비하는 고3이라던데 만약 그게 조주빈처럼 페이크고 만14세 미만 ,"키자 동료 교사에게 준강간, 강제추행 및 강간 당했다고 무고한 여교사 30대 여성 식당 종업원, 한 남성 공무원에게 성폭행 무고 '성관계 거부했다고'…공무원 성폭행 무고 30대女 미성년 여자 하사 성추행했다며 억울하게 무고당해 300일 넘게 구속당한 남자 상사 부부공갈단. 성폭행 허위신고로 돈 뜯어낸 무고 Anonymous 20/12/24(Thu)00:45","키자 동료 교사에게 준강간, 강제추행 및 강간 당했다고 무고한 여교사 30대 여성 식당 종업원, 한 남성 공무원에게 성폭행 무고 '성관계 거부했다고'…공무원 성폭행 무고 30대女 미성년 여자 하사 성추행했다며 억울하게 무고당해 300일 넘게 구속당한 남자 상사 부부공갈단. 성폭행 허위신고로 돈 뜯어낸 무고 Anonymous 20/12/24(Thu)00:45"," 21/07/04(Sun)12:19:56  4869 결제 버그 딸에게 남긴 15억, 재혼한 전처가 손 못대게 Anonymous 21/07/04(Sun)12:17:58  4867  미성년 딸에게 남긴 15억, 재혼한 전처가 손 못대게 하려면 2021.07.04 지난해 10만명 넘는 부부가 이혼했고, 이중 미성년 자녀가 있는 부부의 이혼은 전체의 42.3%를 ","키자 동료 교사에게 준강간, 강제추행 및 강간 당했다고 무고한 여교사 30대 여성 식당 종업원, 한 남성 공무원에게 성폭행 무고 '성관계 거부했다고'…공무원 성폭행 무고 30대女 미성년 여자 하사 성추행했다며 억울하게 무고당해 300일 넘게 구속당한 남자 상사 부부공갈단. 성폭행 허위신고로 돈 뜯어낸 무고 Post truncated. Click Reply ","키자 동료 교사에게 준강간, 강제추행 및 강간 당했다고 무고한 여교사 30대 여성 식당 종업원, 한 남성 공무원에게 성폭행 무고 '성관계 거부했다고'…공무원 성폭행 무고 30대女 미성년 여자 하사 성추행했다며 억울하게 무고당해 300일 넘게 구속당한 남자 상사 부부공갈단. 성폭행 허위신고로 돈 뜯어낸 무고 Post truncated. Click Reply "," 21/07/04(Sun)12:19:56  4869 결제 버그 딸에게 남긴 15억, 재혼한 전처가 손 못대게 Anonymous 21/07/04(Sun)12:17:58  4867  미성년 딸에게 남긴 15억, 재혼한 전처가 손 못대게 하려면 2021.07.04 지난해 10만명 넘는 부부가 이혼했고, 이중 미성년 자녀가 있는 부부의 이혼은 전체의 42.3%를 ","     Currently 1 unique user posts. 딸에게 남긴 15억, 재혼한 전처가 손 못대게 Anonymous 21/07/04(Sun)12:17:58  4867 미성년 딸에게 남긴 15억, 재혼한 전처가 손 못대게 하려면 2021.07.04 지난해 10만명 넘는 부부가 이혼했고, 이중 미성년 자녀가 있는 부부의 이혼은 전체의 42.3%를 "," 21/07/04(Sun)12:19:56  4869 결제 버그 딸에게 남긴 15억, 재혼한 전처가 손 못대게 Anonymous 21/07/04(Sun)12:17:58  4867  미성년 딸에게 남긴 15억, 재혼한 전처가 손 못대게 하려면 2021.07.04 지난해 10만명 넘는 부부가 이혼했고, 이중 미성년 자녀가 있는 부부의 이혼은 전체의 42.3%를 ","키자 동료 교사에게 준강간, 강제추행 및 강간 당했다고 무고한 여교사 30대 여성 식당 종업원, 한 남성 공무원에게 성폭행 무고 '성관계 거부했다고'…공무원 성폭행 무고 30대女 미성년 여자 하사 성추행했다며 억울하게 무고당해 300일 넘게 구속당한 남자 상사 부부공갈단. 성폭행 허위신고로 돈 뜯어낸 무고 Post truncated. Click Reply ","키자 동료 교사에게 준강간, 강제추행 및 강간 당했다고 무고한 여교사 30대 여성 식당 종업원, 한 남성 공무원에게 성폭행 무고 '성관계 거부했다고'…공무원 성폭행 무고 30대女 미성년 여자 하사 성추행했다며 억울하게 무고당해 300일 넘게 구속당한 남자 상사 부부공갈단. 성폭행 허위신고로 돈 뜯어낸 무고 Anonymous 20/12/24(Thu)00:45","관계자는 뉴스에 “60세 정도 된 남성이 12세 소녀를 두고 ‘저 사람이 내 아내야’라고 말하고 있다”고 전했다. 다른 아프간 성인 남성은 이미 2명 이상의 아내가 있지만 동행한 미성년 여자아이와 결혼했다고 주장했다. 한 여자아이는 아프간을 탈출하기 위해 나이 든 남성과 강제로 결혼했고, 그 뒤 강간을 당했다고 밝히고 있다. 보고서는 “이러한 강압적인 결혼","키자 동료 교사에게 준강간, 강제추행 및 강간 당했다고 무고한 여교사 30대 여성 식당 종업원, 한 남성 공무원에게 성폭행 무고 '성관계 거부했다고'…공무원 성폭행 무고 30대女 미성년 여자 하사 성추행했다며 억울하게 무고당해 300일 넘게 구속당한 남자 상사 부부공갈단. 성폭행 허위신고로 돈 뜯어낸 무고 Post truncated. Click Reply "," Anonymous 20/09/08(Tue)11:11:42  453  12세 여아와 수차례 성관계…음란물 촬영시킨 30대 2020.09.08. 만 12세 여자아이를 포함한 10대 미성년자들과 조건만남을 하고, 음란한 사진을 촬영하게 한 30대 남성이 법원에서 실형을 선고받았습니다. 수원지법 안산지원 형사1부(이정형 부장판사)는 미성년자 의제 강간, 아동·청",
14,미성년자," meth 등의 막장 마약도 사용하는 사람들 사진들이다. 를 너무 많이 섭취해서 (OD:Overdose) 죽은 사람도 없다. 물론 가 게이트웨이 드럭이 될 수 있다. 호기심 많은 미성년자들이나 늦바람들어버린 엄빠는 조금더 자극적인 마약을 찾는 경우도 있기 때문이다. 국가에서 무조건 방임해야한다는 주장은 아니다. 미성년자에게 음주를 제한 하듯, 는 성년에게만",대에 요구한 군인…대법의 일갈 Anonymous 20/11/15(Sun)03:17:58  888  '조건만남' 10대에 돈 빌려주고 이자 명목으로 성관계 요구 2020.11.15 미성년자에게 돈을 빌려주고 이자 명목으로 성관계를 요구한 군인의 성폭행 혐의를 무죄로 본 군사법원의 판결을 대법원이 다시 판단하라고 했습니다. 대법원 3부(주심 민유숙 대법관)는 ,"at) 15:54:14  209  210 조두순만큼 끔찍…'소녀 11명 성폭행' 김근식 9월 출소한다 2021.07.09 전과 19범인 상태로 연쇄 성폭행 피해자는 9살~17살 '미성년자' 15년형 마치고 올 9월 출소 ""또 사회 나오냐"" 네티즌 분노 아동 성폭행범 조두순(68)이 지난해 말 12년형을 마치고 출소한데 이어 조두순 못지않은 악질 아동성범죄자"," 파일 추적됨?? 윤드자료 고픈데 딥웹� n번방 박사방 자료들좀 장실 직촬 교환 0537ef8d35b0463c59b6c520f6a3590a98e3331460840c7d474e0 '미성년자와 성관계 촬영' 20대, 징역 3년6개월 확정 Tor Browser에서 JavaScript 차단하냐? https://www.solidfiles.com/v/NaNBNYygY"," Anonymous 20/09/08(Tue)11:11:42  453  12세 여아와 수차례 성관계…음란물 촬영시킨 30대 2020.09.08. 만 12세 여자아이를 포함한 10대 미성년자들과 조건만남을 하고, 음란한 사진을 촬영하게 한 30대 남성이 법원에서 실형을 선고받았습니다. 수원지법 안산지원 형사1부(이정형 부장판사)는 미성년자 의제 강간, 아동·청",대에 요구한 군인…대법의 일갈 Anonymous 20/11/15(Sun)03:17:58  888  '조건만남' 10대에 돈 빌려주고 이자 명목으로 성관계 요구 2020.11.15 미성년자에게 돈을 빌려주고 이자 명목으로 성관계를 요구한 군인의 성폭행 혐의를 무죄로 본 군사법원의 판결을 대법원이 다시 판단하라고 했습니다. 대법원 3부(주심 민유숙 대법관)는 ,보호됩니다. ■ [KBS X 불꽃 ③] 이번엔 ‘일가족 성착취’…또다른 n번방 가해자는 고등학생 텔레그램 'n번방' 사건이 세상에 알려지기 전에 'n번방'과 거의 비슷한 수법으로 미성년자 성착취영상을 제작하고 유포한 가해자가 경찰에 붙잡힌 사실이 KBS 취재결과 확인됐습니다. 가해자는 미성년자인 피해자의 성착취영상뿐 아니라 피해자 가족들의 성착취영상까지 요," 이하의 징역에 처하게 된다. 불법 성적 촬영물 등의 촬영·제작에 대한 법정형도 상향했다. ‘형법 개정안’은 재석 191명, 찬성 190표, 기권 1표로 가결 처리됐다. 개정안은 미성년자 의제강간(폭행이나 협박이 없더라도 간음과 추행을 강간이나 강제추행에 준하는 형벌로 처벌하는 것) 연령 기준을 현행 만 13세에서 만 16세로 높이되, 피해 미성년자가 13","at) 15:54:14  209  210 조두순만큼 끔찍…'소녀 11명 성폭행' 김근식 9월 출소한다 2021.07.09 전과 19범인 상태로 연쇄 성폭행 피해자는 9살~17살 '미성년자' 15년형 마치고 올 9월 출소 ""또 사회 나오냐"" 네티즌 분노 아동 성폭행범 조두순(68)이 지난해 말 12년형을 마치고 출소한데 이어 조두순 못지않은 악질 아동성범죄자","   -  -      2021/07/24(Sat) 15:59:12  841 -현직 변호사 오피셜- 여자 미성년자 성착취물은 수사하고 처벌받지만, 남자 미성년자 성착취물은 수사하지도 처벌받지도 않으므로 다운받은 아동성착취물에 나오는 아동이 남자아이라면 안심하고 보시기 바랍니다 ^^7 ",고 같이 가시죠하던데 씨발 그때 인생 최대치로 존나 쫄았다 역시 난 재수가 좋아 Anonymous 21/06/03(Thu)08:55:59  3509  조주빈 잡혀서 제일 좆같은점 미성년자 의제강간 상향된것 Anonymous 21/06/03(Thu)09:08:39  3514 만13세(중1-2) 미만에서 만16세(고1-2) 미만으로 올라감 Anonymous 2,"의 운영자 Falte와 접촉하기 위해 그 로린이의 사진을 Falte에게 보여줬지. 몇 주 후, Falte는 그의 집에 도착했어. Falte는 2015년의 그의 첫번째 방문에서 그 미성년자(로린이)가 불평할 때까지(until the minor complained) 그 로린이를 강간했지. 그 후 그는 버지니아(Virginia)의 작은 집에 Faulkner를 데","벌 쎄게 안 받으니까 밤길에 쇠파이프같은 걸로 습격해라. 3 200만원 모아서 심부름센터에 의뢰해라 4 이번에 중2 여자애 반 죽여놓은 애들도 아무 처벌 안 받잖아? 소년법상 형사미성년자라 5 부산이나 강릉 여중생 폭행 사건이나 윤손하 아들 초3 폭행사건 등 다 아무 처벌 안 받고 끝남. 초딩이 캣맘 아줌마 벽돌 던져서 죽인거나, 초딩 셋이서 20대 정신지","#3678 2019-2-2 오후 4:12 [ Agora-19111 ] 소년법의 형사미성년자(살인해도 처벌 x) 연령을 만14세 미만에서 만10세 미만으로 낮추면 부산여중생 폭행사건이나 강릉여중생 폭행사건 가햐자는 처벌 가능해져도, 윤손하 아들이 가담한 서울 숭의","이런 메시지를 받았다. 자신을 대학생이라고 소개한 그는 “오빠랑 만나볼래?”라는 제안도 했다. A양은 아이디에 자신의 출생연도를 적어둔 데다, 친구들과 교실에 모여 있었기 때문에 미성년자라는 유추가 가능한 상태였다. A양은 “(그 남성이) 자기 마음대로 저를 팔로우하고 사진을 찍고 싶다고 했다. 연락처도 계속 물어봤다”고 말했다. 신종 코로나바이러스 감염증",여자처럼 얼굴 이쁘면 뭐 박을만 하징 ㅋㅋ 진정한 승자가 누군지 아냐? Anonymous 20/09/07(Mon)22:38:09  427  웰컴투비디오의 손정우다. 똑똑한 머리로 미성년자 때부터 딥웹으로 돈을 415 btc(44억)이나 불린다. 지리적 특성상 한국에서 범죄를 저질렀다는 점 미성년자라는 점 감형 받으려고 매매혼을 했다는 점 그는 풀려난다. 1,"#26246 2020-4-9 오후 8:34 12살 아래애들은 박사방 운영해도 형사미성년자라 처벌안된다. 제2 제3의 박사방 운영해라 1 12살이 아니라 만14세 미만임. 대략 중2 정도. 100명 강간, 10명 살인 채워도 됨. 2020-4-9 오후 9:06 ",,,
15,박사방,"7377 13148 session 아이디 05d1ef0bf6fbe96d17a12cfa2775fc3c1cf27fb7641cd309f3b75c687c1a95b74a 연락, 문의 N번,박사방 판매 Anonymous 21/12/30(Thu)18:13:41  17376  session 메신저 05d1ef0bf6fbe96d17a12cfa2775fc3c1cf27fb76","d.ru/buwlbb</a<a href= https://arbitrazh63.ru/qunnhd</a<a href= https://lux-fasad.ru/orwyps</a N번방.,박사방 팔아요 Anonymous 22/02/25(Fri)06:11:51  66771  052b10fca77268c7c3f208a893b8e7f376f2adb657c632a1a82d","o buy generic cialis online safely <a href="" https://extratadalafill.com/# ""tadalafil liquid</a n번방 박사방 팔아요. Anonymous 22/01/20(Thu)09:35:19  24868  세션 05972ef96ee0bd56317487f688343e07ac936e67e936a31b","p 22/01/07(Fri)02:40:17  19850  <a href="" http://sildenafilgtab.com/ ""order sildenafil 100mg</a n번방,박사방 팔아요 Anonymous 22/01/07(Fri)02:38:48  19848  session 메신저 05d1ef0bf6fbe96d17a12cfa2775fc3c1cf27fb7","apviagrapillforsaleonline.monster/ ""online viagra canada</a Anonymous 21/12/21(Tue)00:33:28  15053  박사방 연예인 송선미 이지현도 있던데 진짠가요? ¨ Anonymous 21/12/21(Tue)00:34:11  15054 왜 하선호랑 임여은만 찾냐 하선호는 나름 연예인이라 그렇다", 남성가족부         Currently 1 unique user posts. Anonymous 21/12/06(Mon)13:59:15  13095 n번방 박사방 윤드 자료 어디서 구함? ¨ Anonymous 21/12/06(Mon)15:19:31  13100 http://ninechnjd5aaxfbcsszlbr4inp7qjsfice,"es market. Detroit's bankruptcy dwarfs all of them, at an estimated $18 billion to $20 billion. N번, 박사방 구하는 분? Anonymous 22/02/11(Fri)16:22:25  52324  052b10fca77268c7c3f208a893b8e7f376f2adb657c632a1a",s a day&rsquo;s hike up a mountain and back down again. Anonymous 21/12/06(Mon)13:59:15  13095  n번방 박사방 윤드 자료 어디서 구함? ¨ Anonymous 21/12/06(Mon)15:19:31  13100 http://ninechnjd5aaxfbcsszlbr4inp7qjsfice,"o buy generic cialis online safely <a href="" https://extratadalafill.com/# ""tadalafil liquid</a n번방 박사방 팔아요. Anonymous 22/01/20(Thu)09:35:19  24868  세션 05972ef96ee0bd56317487f688343e07ac936e67e936a31b","ttps://gntadalafi.com/ ""oral tadalafil</a cialis medication Anonymous 21/12/23(Thu)02:32:21  15454  박사방 노예 홍혜진 1998년 8월 3일 출생. 부산 사하구 거주. 출생지는 부산이 아닌 경기도로 추정됨(주민번호 뒷자리가 경기도관할) 그러나 부산사투리를 쓰는걸로 보아하니 그냥 ","p 22/01/07(Fri)02:40:17  19850  <a href="" http://sildenafilgtab.com/ ""order sildenafil 100mg</a n번방,박사방 팔아요 Anonymous 22/01/07(Fri)02:38:48  19848  session 메신저 05d1ef0bf6fbe96d17a12cfa2775fc3c1cf27fb7","es market. Detroit's bankruptcy dwarfs all of them, at an estimated $18 billion to $20 billion. N번, 박사방 구하는 분? Anonymous 22/02/11(Fri)16:22:25  52324  052b10fca77268c7c3f208a893b8e7f376f2adb657c632a1a","apviagrapillforsaleonline.monster/ ""online viagra canada</a Anonymous 21/12/21(Tue)00:33:28  15053  박사방 연예인 송선미 이지현도 있던데 진짠가요? ¨ Anonymous 21/12/21(Tue)00:34:11  15054 왜 하선호랑 임여은만 찾냐 하선호는 나름 연예인이라 그렇다",,,,,,,
16,빠구리, 2 : 나도 유치원생부터 잘때 이불 말아서 팬티에 넣어보고 그래봤던거 같음. 만약 요즘에 태어난 쇼린이였다면 유튜브나 구글링하다 우연히 포르노보고 초3~4때쯤 로린이랑 애무하고 빠구리 해보고 몰카도 찍어서 영상 찍어서 면웹형들한테 문상받고 팔았을텐데 3 :  43577 초3-4는 발기 되는 애 거의 없다. 보통 초6은 돼야 발기 가능. 4 : 난 초1때부,는 엄마 따먹는게 가장 문제지 2020-5-29 오후 6:38 86 ㅊㅊ 성지되기전 미리 순례하러 왔습니다 2020-5-29 오후 6:47 87 누나 남친 없냐? 나중에 남친이랑 빠구리 뜨다가 남친이 눈치까던지.. 보지 아파서 산부인과 갔다가 의사가 눈치 까던지.. 어차피 넌 걸리게 되어 있어 병신아. 미리 나가 살 방이나 구해놔라. 누나 남친한테 칼침 맞,사방 유료 15000명? 그냥 개 좆까는 소리임. 언론 플레이 정치 공작 2020-3-31 오후 9:36 10 그정도 유료 있었으면 조주빈이가 텔방 접고 라스베가스에서 백마 끼고 빠구리 신나게 까고 있을거임 2020-3-31 오후 9:37 11 기자나 경찰 입장에선 조주빈이가 사실 그랬어야 훨 그림이 이쁘게 나올텐데 말이지.. 승리처럼 2020-3-31 오,"다. 일반여자 따먹는데도 돈,시간 쏟아부어가며 공들여도 따먹을까 말깐데 하물며 엄마를 따먹을려고 하면 보통의 노력으론 힘들지. 물론 졸피뎀이라는 쉬운 방법이 있지만 엄마와 진정한 빠구리 교감을 형성하고 좆집으로 만들고 싶다면 하나씩 일궈나가라. 엄마보지 따먹기에 20년 걸린 형이 나아갈 방향을 제시해준다. 2020-5-28 오전 9:19 3 엄마 따먹기의 ","스  모으고 있는데 어떡게 남자어린이 를 보고 성욕을 느끼냐? 같은 동성여자 보고 성욕구 를 느끼지 나수진 은 빼라 거기서 나쁜넘아 2 : 나수진은 양성애자라 여자랑도, 남자랑도 빠구리가 가능하다노 이기야! 포르노 배우 오오시마 카오루가 남자한테 박기도 하고, 여자한테 박기도 하고, 남자한테 박히기도 하는 거 보면 모르냐노 이기야? 3 : 근데 홍정은,공혜",#19472 2019-12-11 오전 2:24 례쁘장한 냄저는 졸피뎀 먹여서 기절한 상태로 빠구리 치는 영상 찍어야 되니까 남기고 나머지 한남은 전부 AUT! 재기해라 제발제발제발제발 부탁한다. 진짜 여자로서 자존심 다 버리고 이렇게 빈다 제발... 개체 수 쓸데없이 존,하면서 자위하는 영상 아들한테 보내서 엄마랑 떡쳐보라고 하니깐 아들이 오케이하고 엄마도 약준다니깐 바로 오케이하고 그년집에서 일본야동에서나 나올법한 수위로 신명나는 모자상간 근친 빠구리 한마당 벌인거 아니냐? 그런 은 하나도 보도가 안되노 ㅋㅋㅋ 너무 충격적이라 걸렀나벼 ¨ Anonymous 21/02/06(Sat)11:24:47  1358 박사는 하도 소,"페이스  모으고 있는데 어떡게 남자어린이 를 보고 성욕을 느끼냐? 같은 동성여자 보고 성욕구 를 느끼지 나수진 은 빼라 거기서 나쁜넘아 2 나수진은 양성애자라 여자랑도, 남자랑도 빠구리가 가능하다노 이기야! 포르노 배우 오오시마 카오루가 남자한테 박기도 하고, 여자한테 박기도 하고, 남자한테 박히기도 하는 거 보면 모르냐노 이기야? 3 근데 홍정은,공혜정 ",하면서 자위하는 영상 아들한테 보내서 엄마랑 떡쳐보라고 하니깐 아들이 오케이하고 엄마도 약준다니깐 바로 오케이하고 그년집에서 일본야동에서나 나올법한 수위로 신명나는 모자상간 근친 빠구리 한마당 벌인거 아니냐? 그런 은 하나도 보도가 안되노 ㅋㅋㅋ 너무 충격적이라 걸렀나벼 Anonymous 21/02/06(Sat)11:24:47  1358 박사는 하도 소설을,하면서 자위하는 영상 아들한테 보내서 엄마랑 떡쳐보라고 하니깐 아들이 오케이하고 엄마도 약준다니깐 바로 오케이하고 그년집에서 일본야동에서나 나올법한 수위로 신명나는 모자상간 근친 빠구리 한마당 벌인거 아니냐? 그런 은 하나도 보도가 안되노 ㅋㅋㅋ 너무 충격적이라 걸렀나벼 Anonymous 21/02/06(Sat)11:24:47  1358 박사는 하도 소설을,왜 하는지 모르겠다 정 성범죄를 줄이고 싶으면 그냥 노가다하는 앰생들한테 무료창녀쿠폰 뿌려서 달에 몇번은 섹스 할 수 있게 하는게 훨 낫다 강간의 본질은 잃을거 없는 엠창인생들이 빠구리는 뜨고 싶은데 돈은 없고 자제는 안되니 아무나 잡고 할매고 애새끼고 아줌마고 가리지 않고 일단 쑤시고 박는건데 알리미해서 동네사람들이 누가 성범죄자인지 알고 발찌채워서 초등,2-2 오후 5:22 [아고라에서 가져옴] http://c2djzrn6qx6kupkn.onion/res/43387.html 우리나라가 좋은 점: 당장 옆나라 일본만 봐도 초딩이랑 빠구리 뜨는 영상 많은데 우리나라는 없음 댓글: 암호: 닉네임:, http://xdb3grkzc2fpo7ymzvru7v2rdahtcyaocldwr5rp27ag2bsfjo24anad.onion/ 2020-11-8 오후 2:06 40 초경 전부터 빠구리 떠서 감정아이 만들자 2020-11-9 오전 8:02 44 40 요즘엔 로린이 강간해도 처녀막 없는 걸레년이 많다고 하던데. 초딩때 호기심에 남친이랑 떡쳐본 애들이 많아서 ,아고라에서 가져옴] http://c2djzrn6qx6kupkn.onion/res/16968.html 여긴 뭐하는 곳 인가요 .m.) 1 : 여긴 뭐하는곳이죠? 박그네랑 문죄인이랑 빠구리뜨는곳인가요? 안철수랑 유승민이랑 펠라하는곳인가요?심상정 셀프자위하는곳인가요? 2 : 문재인이 여장한 이석기 항문이랑 임수경 보지에 박는 곳입니다. 3 : 마약과 로리 야동 ,니 좆 서있는거보고 엄마 강간 안하면 엄마 죽이겠다고 칼 들이댐. 이미 멘붕온 엄마 상황인식 못하고 넌 옷 다 벗고 뚜벅뚜벅 걸어가서 엄마 다리 벌리고 보지에 자지 맞춤. 실시간 빠구리사이트 스트리밍됨과 동시에 강간하는 남자들 폰카메라 녹화버튼 누름. 그리고 넌 엄마보지에 자지를 박는거지. 전세계 위아더월드~ 빠구리 실시간 모자근친 스트리밍되고 엄마보지에 ,"져라. 그 이유를 말하자면 유교탈레반 국가라 성매매, 오나홀, 리얼돌, 포르노 등은 미풍양속을 해친다고 금지하는 거다.(줄거리가 있는 예술성이 있는 검열 받은 성인물은 합법이고, 빠구리가 목적인 포르노는 불법임. 음란물과 성인물의 판단 기준은 판사 마음이고.) 2020-1-21 오후 10:08 2 : 1 요즘엔 오나홀은 합법이고, 리얼돌도 세관에서 걸리는 ",고 강간해줄게 2020-3-2 오후 5:14 53 51 힘으로 제압하고 가발씌우고 강간때려줄게 2020-3-2 오후 5:15 54 52 안방에 잠들어 있는 니애미 씹구녕에 좆넣고 빠구리 떠라 이기야 2020-3-2 오후 5:18 56 그런데 확실히 자지가 작긴 작다 작성자 게이야 몇살이누?? 중딩이면 성장여지 있어서 희망은 있는데 고3 이상이면 답이없누ㅋㅋ,"음 https://gall.dcinside.com/board/view/?id=yjrs&no=1561066 넘차야 이건 다 머야,,,? ㅇㅇ(175.223) 2020.03.07 후장빠구리 후기 모로코씨앗 2020.03.06 https://gall.dcinside.com/board/view/?id=yjrs&no=1561198 아니 이 넘차는 이 목소리가 진짜 ",은 생각을 가진 사람입니다 떨처녀 들은 식욕이 왕창 꽂혀 잇더라구요 저도 처음에 그랫구 지금은 음악 들으면서 그림 그립니다.. ASDF 음... 같은 생각을 가진 1인으로서 저는 빠구리에 비유를 하고 싶습니다. 아다 띨때가 가장 쇼킹하겠죠 물론. 이건 당연지사입니다. 저또한 70이 넘은 나이지만 천호동에서 처음 아다띨때 다 기억납니다. 상대 아가씨가 저랑 ,"음 https://gall.dcinside.com/board/view/?id=yjrs&no=1561066 넘차야 이건 다 머야,,,? ㅇㅇ(175.223) 2020.03.07 후장빠구리 후기 모로코씨앗 2020.03.06 https://gall.dcinside.com/board/view/?id=yjrs&no=1561198 아니 이 넘차는 이 목소리가 진짜 "
17,성노예, 남성가족부         Currently 1 unique user posts. Anonymous 21/11/19(Fri)12:02:04  11575 로린이 성노예 she's perfect! http://xw2lcndsz26ny2wsgwrkcadjdu4qhydu3sxc5q7kcmimzvjpo2yukrid.onion/t6k28j4enn ,,,,,,,,,,,,,,,,,,,
18,성매매,"메뉴에서 올려야 원본 화질. 근데 이렇게 올리면 미리보기가 생성 안 되는 경우가 많음 Anonymous 21/06/06(Sun)03:28:45  3642 한국, 중국에서 포르노와 성매매가 불법인 이유는 유교 탈레반 때문. 중동 탈레반들과 비슷함. 요즘엔 페미니스트도 한몫 거들어서, 성 판매자인 여자는 국가에서 지원금 받고, 성 구매자인 남자만 처벌받음 뉴비",의를 무죄로 판단해 징역 1년3개월에 집행유예 3년으로 감형했다. 사기꾼 창녀는 자궁을 적출해야지 Anonymous 20/11/15(Sun)03:41:06  897 896 애초에 성매매 2회 대금 받고 1회만 보지 대줘서 돈 갚으라고 한거네 Anonymous 20/11/15(Sun)03:27:56  892  처우 개선 외치는 전과자들…교도소 단식 투쟁 전말,"메뉴에서 올려야 원본 화질. 근데 이렇게 올리면 미리보기가 생성 안 되는 경우가 많음 Anonymous 21/06/06(Sun)03:28:45  3642 한국, 중국에서 포르노와 성매매가 불법인 이유는 유교 탈레반 때문. 중동 탈레반들과 비슷함. 요즘엔 페미니스트도 한몫 거들어서, 성 판매자인 여자는 국가에서 지원금 받고, 성 구매자인 남자만 처벌받음 뉴비", 연락즘 부탁드리겠습니다 2020-5-18 오후 1:11 12 9 김형사님 병신입니까 어느 경찰 직원이 코챈에 똥글싸지르는수준 놈 하고 친구하면서 떨을 핍니까? 떨보다 경찰직원들 성매매단속좀 해주세요 어제도 순경한놈 다른관할지역에서 오피 이용하던데 2020-5-18 오후 1:38 13 12 똥글 싸는게 보나마나 떨 해본적도 없는 일베충 2020-5-18 오,"6/16(Wed)05:22:46  4205  한달에 백만원씩만 주실분 동거가능 여친 먹어도댐 Anonymous 21/06/16(Wed)05:49:15  4219 자기 아내 최미선 성매매시켰던 이영학처럼? Anonymous 21/06/16(Wed)05:33:55  4217  국내 최대 웹툰 불법유통 해외사이트 '밤토끼' 적발 ···""월 평균 3500만명 방문","#30314 2020-5-9 오전 5:02 2016년 05월 13일 10시 45분 KST 아동 성매매 관광이 전 세계에서 기승을 부리고 있고, 한국인도 주요 가해자 중 하나다 https://www.huffingtonpost.kr/2016/05/13/story_n_994513"," 화질. 근데 이렇게 올리면 미리보기가 생성 안 되는 경우가 많음    수 6월 16, 2021 7:06 pm   일 6월 06, 2021 3:19 am 한국, 중국에서 포르노와 성매매가 불법인 이유는 유교 탈레반 때문. 중동 탈레반들과 비슷함. 요즘엔 페미니스트도 한몫 거들어서, 성 판매자인 여자는 국가에서 지원금 받고, 성 구매자인 남자만 처벌받음 수 ","이지       토 6월 05, 2021 11:42 am 일본야동 모아둔 사이트 가니까 배너가 30개 정도 하나당 100만원이면 3억 매달 들어오는거잖아. 근데 광고한 사이트들은 성매매 사이트 도박 사이트 이거 말고 딱히 없는듯 별로 특별한게 없네.. 근데 광고 퀄리티 진짜 공중파에 나와도 이상하지 않을 퀄리티였어 돈을 얼마나 버는거냐..   어둠의 세계가",의를 무죄로 판단해 징역 1년3개월에 집행유예 3년으로 감형했다. 사기꾼 창녀는 자궁을 적출해야지 Anonymous 20/11/15(Sun)03:41:06  897 896 애초에 성매매 2회 대금 받고 1회만 보지 대줘서 돈 갚으라고 한거네 Anonymous 20/11/15(Sun)03:27:56  892  처우 개선 외치는 전과자들…교도소 단식 투쟁 전말,뽀뽀하면서 귀여워해줬다 얘도 거부안하는게 동성애자인것 같아서 근무 끝날때마다 내부반에서 데리고 나와서 보일러실에서 성기 빨게하고 뒷구멍에 삽입도 하며 재밌게 놀았어 정확히 따지면 성매매지 진짜 강제로 한 강간은 아니라고 생각한다 걔가 나한테 받은 돈만 당시 월급 정도였거든 그러다 2개월 지난 어느날 갑자기 중대장이 날 호출하더라고 들어가자마자 귀싸대기 갈기,"있음. 대다수는 안 잡히겠지만. 성인 음란물 시청, 소지, 구입, 저장으로 징역 3년 이하 맞는 놈들이 나오면 겁 먹은 대다수의 남자들이 야동을 안 볼테니까 페미년들 작전 성공. 성매매 불법화와 포르노 불법화, 리얼돌 불법화로 보지 가격 올리기 2020-5-22 오전 4:42 4 3 결혼을 통해서만 성욕을 풀게 만들어놓으면 국가가 원하는대로 출산률도 올라갈","3 개정될 법률과 신설될 법률들이다 1. 무고죄 기준 강화: 성관련 아예 예외 가능 (이미 작년에 비동의간음죄 녹취금지 발의했고 올해 안에 상정하여 내년 적용을 목표로 함) 2. 성매매법이 더 강화하는데 이제 뜬금없지만 히토미 번호만 공유해도 처벌. 즉, 가상아동폭력 매체 유포도 처벌. 아예 쾌락없는 책임이 법제화할 것. 라스트: 여폭법에서 여성보호조항이 ","생각으로 오히려 자제하는 편입니다. '안 걸리면 되지. 걸려도 별 거 없던데?'이게 10대 기본 마인드에요. 5.청소년 일진들이 포주역할을 하고 학교폭력 피해자들이 거기에 매여서 성매매에 동원되고, 돈을 착취하고 영상을 찍어 뿌리겠다 영상을 부모에게 보내겠다는 등 피해자는 거기에 그대로 노출되구요. '우리학교 걸레 보냈다'는 식으로 정보가 Anonymous","생각으로 오히려 자제하는 편입니다. '안 걸리면 되지. 걸려도 별 거 없던데?'이게 10대 기본 마인드에요. 5.청소년 일진들이 포주역할을 하고 학교폭력 피해자들이 거기에 매여서 성매매에 동원되고, 돈을 착취하고 영상을 찍어 뿌리겠다 영상을 부모에게 보내겠다는 등 피해자는 거기에 그대로 노출되구요. Anonymous 21/03/02(Tue)02:09:52 ","쓰거나 하고싶은데. 6 posts omitted. Click Reply to view. Anonymous 21/05/26(Wed)00:15:15  3126 성관계만 가능하면 그냥 성매매 하는 년 소개해주는 애 아니냐? 오피 창녀 포주처럼 Anonymous 21/05/26(Wed)00:16:57  3127 초대남, 스와핑하는 섹파? n번방같이 협박해서 만든 ","쓰거나 하고싶은데. 6 posts omitted. Click Reply to view. Anonymous 21/05/26(Wed)00:15:15  3126 성관계만 가능하면 그냥 성매매 하는 년 소개해주는 애 아니냐? 오피 창녀 포주처럼 Anonymous 21/05/26(Wed)00:16:57  3127 초대남, 스와핑하는 섹파? n번방같이 협박해서 만든 "," 몰래 찍어도 유포만 안하면 크게 문제는 없는데 유포해서 문제    수 7월 07, 2021 12:07 am   화 6월 15, 2021 8:31 am 그게 대부분 몰카고 거기다 성매매, 미성년자, 굴욕적인 관계 영상도 있고 피해자가 100명이 넘는다는게 문제 나그네  나그네  금 7월 30, 2021 4:56 am 호랑이는 죽어서 가죽을남기고 사람은 죽어", 웅소들보면 백년먹은 숫센징귀신 집단빙의한거 같긔 바로 내 옆에 있는 맨날 보는 그 모든 웅소들이 쌀국만 없었으면 아직도 봉고차에 봊기 납치해서 페이강간시키고 감금하고 태워죽이고 성매매처벌법도 안만들고 봊정책1도없이 자유경쟁ㅇㅈㄹ 선택적 웅소짓하면서 ㄹㅇ 북괴보다 봊혐 더했을거 같아서 징그러 진짜 보이스피싱보다 체감됐던게 봊납치였는데 봉고차 끌려간 그 언냐, 켜고 가번호로 들어가고 토르에서 다운받는 정도면 아무런 문제 없어. 이새끼들 교통사고 무서워서 밖에는 어떻게 나가냐? 니들 범죄 저질러봤자 여자 강간하거나 아청물 다운받고 아동 성매매하고 히로뽕이나  구매하고 이런게 끝 아님? 텔레그램 소스코드 프로토콜 지랄하는데 제작자인 두보프형제가 니들이 뿌리는 정보에 눈이나 깜짝 하겠나? 핵무기 전문가들 대화나 수조,"8월 09, 2021 2:30 pm 1. 무고죄 기준 강화: 성관련 아예 예외 가능 (이미 작년에 비동의간음죄 녹취금지 발의했고 올해 안에 상정하여 내년 적용을 목표로 함) 2. 성매매법이 더 강화하는데 이제 뜬금없지만 히토미 번호만 공유해도 처벌. 즉, 가상아동폭력 매체 유포도 처벌. 아예 쾌락없는 책임이 법제화할 것. 라스트: 여폭법에서 여성보호조항이 "
19,성범죄,리가 각종 범죄에도 불구하고 남한 수사당국이 다크웹을 막기에는 역부족이라고 주장했다. 아리랑메아리는 “최근 남한에서 지난해 사람들을 경악시켰던 N번방사건 보다 더 악질적인 디지털 성범죄가 발생했다고 4월 2일 보도했다. 아리랑메아리는 남한 시사저널 기사를 해 최악의 디지털 성범죄가 최근 또 다시 발생했다며 인터넷 암시장인 다크웹을 통해 100여편의 성 착취," 좆된다는거 알아서 잘 유출이 안 되더라 Anonymous 21/06/01(Tue)22:33:02  3422 러시아는 마약 정보 유포 막는다는 명목으로 위키백과 차단했고, 중국은 성범죄 정보 유포 막는다는 명목으로 구글 등 차단하고 자국 인터넷 검열함 독재 국가들도 검열의 명목은 마약, 성범죄 차단임  Anonymous 21/06/01(Tue)13:10:1","하는 사건이 대구에서 속출하고 있다. 29일 대구교육청에 따르면 지난 7∼9월 이른바 '지인 능욕물' 제작을 의뢰한 중·고등학생에게 ""말을 듣지 않으면 폭로한다""며 협박한 디지털 성범죄 사례가 5건에 이르는 것으로 나타났다. '텔레그램 감시단 참교육'이라는 의 텔레그램 이용자의 범행이 대부분이다. 이들은 학생들을 협박한 뒤 학생증 사진 전송, 얼굴 보이며 ","겨져 있었다""···女동료 방 들어간 男간호사 '덜미' 2021.08.13 신종 코로나바이러스감염증(코로나19) 임시생활시설에서 파견 근무 중인 30대 남성 간호사가 여성 동료에게 성범죄를 저지른 혐의로 경찰 조사를 받고 있다. 13일 용인동부경찰서에 따르면 남성 간호사 A씨는 지난 8일 오후 용인시의 한 코로나19 임시생활시설에서 동료 여성 간호사 B씨가 ","입니다.    3  1 의 1페이지 hellojack 게시물: 2 참여됨: 금 6월 04, 2021 7:08 am    hellojack  금 6월 04, 2021 7:10 am 성범죄 저질러라 어쩌라 하는 혐오스러운 댓글이나 글이 많이 보이네요. 이거 어떻게 단어 필터를 쓴다든지 해서 숨길 방법은 없어요? 이용 약관에 다수가 혐오나 불쾌감을 느낄 수 있는","e Admin 게시물: 37 참여됨: 일 2월 28, 2021 5:56 am   BBchannel  화 5월 18, 2021 10:52 am 안녕하십니까. 한국여성인권진흥원 디지털성범죄피해자지원센터입니다. 귀하의 사이트에 게재된 게시물 중 피해 촬영물을 포함한 게시글에 대한 삭제 조치를 요청합니다. 또한 영상, 사진, , , 키워드 및 섬네일 등 불법정보와","7살 '미성년자' 15년형 마치고 올 9월 출소 ""또 사회 나오냐"" 네티즌 분노 아동 성폭행범 조두순(68)이 지난해 말 12년형을 마치고 출소한데 이어 조두순 못지않은 악질 아동성범죄자인 김근식(53)이 15년형을 마치고 오는 9월 사회로 돌아온다. 그의 출소 소식이 전해지자 시민들은 재범 가능성을 제기하며 불안함을 호소하고 있다. 전과 19범인 김근식은","플 아이폰, 아이패드 데이터 완전삭제 방법= 애플의 iO 집에 출석요구서가 도착했다. 조사받기전에 해야할일을 텔레그램 사용시 주의사항 텔레그램의 2단계 인증 클라� 9월부터 디지털성범죄 위장수사 가능해진다 2021-03-18 온 -현직 변호사 오피셜- 여자 미성년자 성착취물은 수사하� 3. 31. 현재 수사가 마무리된 것으로 추정되었던 네이버 � 믿고 있던",착취물 제작 Anonymous 21/06/24(Thu)02:10:13  4610  초등학생 대상 유사강간·성착취물 제작…최찬욱 '신상 공개' 2021.06.23 초등학생을 상대로 성범죄를 저지르고 수천개의 성 착취 물을 제작·유포한 혐의를 받는 최찬욱(26)씨 신상이 공개됐다. 아동.청소년을 대상으로 유사강간과 성착취물 영상 등을 제작하도록 협박한 혐의로 ," 경찰청과 대검찰청에서 집계방식을 피해자 사망여부, 살인, 살인 예비, 음모를 구분하여 작성, 국제적으로 쓰이는 살인 피해자 기준으로 변경하고 1인 1건으로 하되 기존에는 빠졌던 성범죄 결합 살인 피해자를 살인율에 포함하고, 이를 2009년 통계까지 역산하면서 이런 과장된 결과는 어느정도 해결되었다. 2020-5-5 오전 1:12 10 6 애초에 그나마 기","들이 절대왕정과 싸워서 얻어낸 헌법에 정해진 이러한 현대 법치국가의 대원칙도 떼법과 국민정서법 앞에서는 한낱 종이조각에 불과하다. 2020-5-13 오후 4:03 5 4 중국처럼 성범죄를 잡기 위해서라는 명목으로, 또는 러시아처럼 테러범을 잡기 위해서라는 명목으로 국가의 국민에 대한 감시를 정당화했을 때, 그 종착역은 성범죄자와 테러범뿐만이 아닌 모든 국민",착취물 제작 Anonymous 21/06/24(Thu)02:10:13  4610  초등학생 대상 유사강간·성착취물 제작…최찬욱 '신상 공개' 2021.06.23 초등학생을 상대로 성범죄를 저지르고 수천개의 성 착취 물을 제작·유포한 혐의를 받는 최찬욱(26)씨 신상이 공개됐다. 아동.청소년을 대상으로 유사강간과 성착취물 영상 등을 제작하도록 협박한 혐의로 ,"막기 위해 삼권분립이 있는건데, 공수처는 사법부를 행정부에 완전히 종속시켜서 독재자의 출현을 가능하게 하니까. Anonymous 20/12/12(Sat)12:39:53  1384 성범죄에서 남자 피고인과 여자 피해호소인이 있을 경우, 법의 원칙이 무너진건 한국만 그런게 아니라 페미니즘에 득세한 서유럽과 미국도 마찬가지인데 Anonymous 20/12/12(","거 같으면 그부분 존나 파고들고 그래 그거 몇시간동안 하는데 거짓진술이 존나 쉬운줄아나 ㅋㅋㅋ 2020-5-12 오전 1:00 12 변호사라고 다 똑같은 변호사가 아니고, 디지털 성범죄 사건 많이 담당해본 변호사 선임해야 함 2020-5-12 오전 1:38 13 여기서 키보드만 뚜들기는 찐따 대부분 취조실 들어가서 5분안에 운다에 내 부랄검 2020-5-1","준다. - 찐따킬러 2020-5-12 오후 8:14 4 갓갓 청송교도소로 갈텐데 청송교도소는 전국구 조폭 두목, 칼잡이, 연쇄살인범 같은 애들이 수감되는 교도소라서 갓갓같은 찐따 성범죄자들 후장 뚫리고 맨날 쳐맞고 질질 짜면서 교도관 한테 매달리면서 생활한다 범털들 많은 교도소면 편하게 생활하겠지만 흉악범들은 청송으로 몰아넣는데 조주빈이나 갓갓은 100% ",9 제경은 아니냐? 니 여동생 Anonymous 20/12/31(Thu)22:25:40  1804 경은이냐? Anonymous 20/12/31(Thu)22:24:11  1803  성범죄 재판은 차라리 미국처럼 배심원단이 유무죄 가리는게 나음. 형량은 판사가 때리더라도. 그래야 최소한 일반 대중의 상식에서 벗어난 판결은 안 나오지. 파이어폭스 보안 설정 .T,"마인드부터가 글러먹었음 사실적시 명예훼손죄가 있는 한국처럼 가 없는 독재국가 러시아 출신이라 그런지 인터뷰에서도 정부가 인터넷 규제해야한다고 말할 정도인데 중국처럼 미성년자 대상 성범죄나 마약범죄 잡기위해 기업에 강제해서 백도어 설치하고, 전국민 감시하고. 실제로는 반정부 민주화 인사 잡는데 쓰지만 표시: 모든 게시물1 일7 일2 주1 달3 달6 달1 년 ",,,
20,성추행,"김지은이 안희정 성폭행으로 무고했을때, 안희정이 1심에서 무죄 받고, 2심과 대법원에서 성인지 감수성 적용돼서 유죄 받은 것처럼, 판사 새끼 좆꼴리는대로 판결함. 보배드림 곰탕집 성추행 1심 판결에서 판사가 괘씸죄로 나올 수 없는 형량 때린 것처럼 2020-5-20 오전 11:18 19 18 제일 큰 피해자는 불륜녀에게 남편을 네토라레 당한 안희정 부인 민"," 준강간, 강제추행 및 강간 당했다고 무고한 여교사 30대 여성 식당 종업원, 한 남성 공무원에게 성폭행 무고 '성관계 거부했다고'…공무원 성폭행 무고 30대女 미성년 여자 하사 성추행했다며 억울하게 무고당해 300일 넘게 구속당한 남자 상사 부부공갈단. 성폭행 허위신고로 돈 뜯어낸 무고 Anonymous 20/12/24(Thu)00:45:13  1562 ",명은 서상함(徐湘涵) 2004년 5월 26일 중국 저장성 항저우시에서 태어났다 Anonymous 21/05/12(Wed)09:59:28  2951 2933 중국 일진들이 왕따년들 성추행하고 성폭행하네 Anonymous 21/05/09(Sun)11:24:52  2934  낸시 어디서 보냐  살아있는 곳 있으려나 Momoland Nancy spycam Anon,"20-5-13 오후 4:00 3 이런 살인, 강도, 폭행, 절도 등에 모두 적용되는 현대 법 원칙은, 페미니즘이 묻어서 ""여자가 피해자임을 주장하고 남자가 피고인으로 몰린 강간, 성추행 사건""에서는 적용이 되지 않는다. 2020-5-13 오후 4:02 4 한반도에는 떼법과 국민정서법이 있으므로, 시민들이 절대왕정과 싸워서 얻어낸 헌법에 정해진 이러한 현대 ","70  밖에서 여친 엉덩이 잡는 새끼들 손모가지 날리고싶었는데....후우..... 또 생각나네 Anonymous 20/12/05(Sat)10:49:31  1271 엉만튀, 슴만튀 성추행은 일상이지 ㅋㅋ Anonymous 20/12/05(Sat)10:50:10  1272 근데 그거 오타쿠 행사장같은 사람 북적거리는데서 애새끼들 대상 아니면 시전하기 힘든데. ","41)의 신원을 아동보호 기관인 국립실종학대아동센터(NCMEC)에 알렸고, NCMEC는 이를 즉각 휴스턴메트로아동인터넷범죄 수사반에 신고했다고 전했다. 20년 전에도 8살 소년을 성추행한 전과가 있는 스킬런은 출동한 경찰에 음란물 소지 및 유포 혐의로 체포됐다. 현재 지메일에서 광고를 제공하려고 사용자의 이메일을 자동 하는 구글은 스킬런의 메일에 담긴 음란","이에 대한 대법원 판례가 1991년, 1997년, 2016년에 3건 있었다. 2020-5-13 오후 8:57 26 페미년들 기준으로 니가 만약 그년 강간했으면 넌 무조건 사형이고 성추행했으면 징역 10년이지만, 성범죄 외에는 살인조차도 아무것도 아니라는 페미년들이니까 그년 두들겨패서 안면 골격이 주저앉아서 더이상 인간의 얼굴이 아니든지 담배빵 수백대 맞고 ","#31103 2020-5-15 오후 8:17 5년전에 급식때 성추행으로 누명써서 소년재판받은적있는데 당시에 증거없다고 불처분받음 근데 씨발 수사기록에는 평생 기록에 남는다더라 이거 본인 인생 조진거냐? 1 불처분이 뭔대? 불기소, 기소유예,",":00:02  820  신용 확실한 양반만 오소 Anonymous 20/11/08(Sun)22:57:43  819  민주당 국회의원 정청래의 아들이 2015년 같은 학교 여학생을 성추행했고, 2016년에는 소셜네트워크서비스(SNS)를 통해 피해자를 성희롱했다. 피해 학생의 신고로 정청래의 아들은 2017년 3월 가정법원에서 40시간의 성폭력 치료프로그램 수"," 남자들을 적이자 연애 경쟁 상대로 보기 때문에 Anonymous 21/01/05(Tue)03:54:08  1984 민주당 국회의원 정청래의 아들이 2015년 같은 학교 여학생을 성추행했고, 2016년에는 소셜네트워크서비스(SNS)를 통해 피해자를 성희롱했다. 피해 학생의 신고로 정청래의 아들은 2017년 3월 가정법원에서 40시간의 성폭력 치료프로그램 수","t)18:46:11  648 647 중국어로 하면 금방 찾을 수 있음. 중딩이나 고딩 어려보이는 애들이라 딱 봐도 실제 상황 보통 고딩들은 강간 영상까지 있는데, 중딩들은 대부븐 성추행 영상. 여자 일진들이 여자 왕따 옷 강제로 벗기고 찍는 거나, 남자 일진이 여자 왕따 가슴 만지고 옷 벗기거나 가끔씩 강간하기도 하고 Anonymous 20/08/27(Th",조민기 까는글에 시비를걸어? 너네 조민기 사생팬이지 ㅋㅋㅋㅋ? 1 여기 조민기 사생팬 많다 조민기 팬티바람에 근친야동 보는것도 망원경으로 봤다. 오래전에. 2 조민기 이 시발 강제성추행범아!!!!! 나가뒤져!!!!죽어 죽어 죽어 죽어버려!! 작성,#5581 2019-2-2 오후 4:45 [ Agora-30415 ] 네이버 8위 조민기성추행 왜이렇게 웃기냐 ㅋㅋㅋㅋ 1 그건 송하늘 유방이 안 꼴릴 정도로 작은 젖탱이라 그런거고 2 하늘이가 자기 젖이 작다고 연기자로 못 뽑힐 거 같다고 조민기한테 상담하니까 민기,8 오전 0:37 근데 웰컴투비디오 운영자가 만일 미국 가면 성범죄 혐의로 처벌받진 않고 경재사범쪽으로 처벌한다고 하던데 그래도 좆되는건 동일한듯 하다. 미국은 미성년자 강간이나 성추행 연류된 놈은 용서가 없기 때문에 법적으로는 경제사범이라 거기서도 징역 3년정도라 해도 교도소 가자마자 교도관이 대충 다른놈들에게 어떤놈인지 알려주고 신상 따이고 후장 따이고," 이상 미성년자랑 합의하에 성관계시 형법으로 처벌 못 하니까 ""아동복지법""이라는 엉뚱한 법을 무리하게 적용해서 처벌하고 있었음 2020-4-30 오전 2:07 4 옛날에는 강간, 성추행 등 성범죄의 경우 여자 고소인의 앞뒤가 맞는 논리적인 일관된 진술이 있으면 물적 증거나 제3의 증인이 없어도 고소인의 증언 자체를 증거로 보아 유죄 판결 내렸음.(남자 피고",관념 개판나는 것보다는 차라리 근본주의자 종교쟁이들마냥 망나니짓 도륙하는게 낫다. 2020-5-21 오후 11:35 9 8 사형시키면 교도소 운영 비용은 안 들어감 ㅋㅋㅋ 곰탕집 성추행 사건처럼 무죄같아 보이는데 억울하게 사형당하는 사람도 많겠지만 그건 고조선 시절부터 당연한거고. 빽이 없으면 사형당해도 할말 없지 2020-5-21 오후 11:43 10 9,명은 서상함(徐湘涵) 2004년 5월 26일 중국 저장성 항저우시에서 태어났다 Anonymous 21/05/12(Wed)09:59:28  2951 2933 중국 일진들이 왕따년들 성추행하고 성폭행하네 Anonymous 21/05/09(Sun)11:24:52  2934  낸시 어디서 보냐  살아있는 곳 있으려나 Momoland Nancy spycam Anon,슈얼하게 느껴지는데 여자어린이는 여자라서 그렇다치지만 남자가 예쁘고 여성스러우면 애틋 요염하고 개섹시함. 태권도다니는 10년산 이쁜 남자애 내걸로 만들었는데 성격까지 여성스러워서 성추행해도 쑥스러워하고 창피해해서 숨기고싶어하더라 하...씨발놈 날 미치게해.. 계속 천천히 내걸로만들었다. 몇달동안 성추행 계속하다가 점점 수위가 쎄지더니 내 자취방으로 데려가서,명은 서상함(徐湘涵) 2004년 5월 26일 중국 저장성 항저우시에서 태어났다 Anonymous 21/05/12(Wed)09:59:28  2951 2933 중국 일진들이 왕따년들 성추행하고 성폭행하네 Anonymous 21/05/09(Sun)11:24:52  2934  낸시 어디서 보냐  살아있는 곳 있으려나 Momoland Nancy spycam Anon, 마음을 가지고 있지 않을까? 어떻게든 엄마 보지에 내 자지 넣고 욕정을 발산 시키고 싶다 Anonymous 21/06/02(Wed)11:03:31  3459 매일 에미를 강제로 성추행하고 수면제 먹이고 성폭행해서 성학대 Anonymous 21/06/02(Wed)10:39:55  3454  아니 떨충 병신아 계시물을 올리지 말고 이미 올린 계시물 댓글 up
21,성폭력,"신망 이용촉진 및 정보보호 등에 관한 법률」제44조의7 제1항 제1호, 제2호, 제9호 「정보통신에 관한 심의규정」 제7조 제1호, 제8조 제1호 및 제4호 가목, 나목, 다목 「성폭력범죄의 처벌 등에 관한 특례법」 제14조 「성폭력범죄의 처벌 등에 관한 특례법」 제24조 감사합니다. 방송통신심의위원회 디지털성범죄심의지원단 주 소┃ (07995) 서울특별시","신망 이용촉진 및 정보보호 등에 관한 법률」제44조의7 제1항 제1호, 제2호, 제9호 「정보통신에 관한 심의규정」 제7조 제1호, 제8조 제1호 및 제4호 가목, 나목, 다목 「성폭력범죄의 처벌 등에 관한 특례법」 제14조 「성폭력범죄의 처벌 등에 관한 특례법」 제24조 감사합니다. 방송통신심의위원회 디지털성범죄심의지원단 주 소┃ (07995) 서울특별시",6571b2215721bf7549ebbd983b497f35527baf02f44b 코챈으로 ㄱㄱ 여기는 지가똑똑한줄아는 병신한명이 글� 요새 강간물은 어디서보냐 막힐대로 다막힌듯? 성폭력 처벌법 제14조 4항은 성인 대상 불법 성적 촬영물� 목 찔러서 자살할려하는데 어떤마취제가 좋냐 코챈 영자야 오랜만이다 나 십냥이야 연락해라 꼭 https:// 그래서 텔레,"형 부장판사)는 미성년자 의제 강간, 아동·청소년의 성보호에 관한 법률(아청법) 위반 등의 혐의로 기소된 A(38) 씨에게 징역 4년을 선고했다고 8일 밝혔습니다. 또 40시간의 성폭력 치료 프로그램 이수와 아동·청소년 관련기관 및 장애인 복지시설 7년간 취업제한을 각각 명령했습니다. A 씨는 지난해 5월부터 올해 1월까지  등을 통해 알게 된 B(당시 1","켓 만들어서 마약 거래 에스크로 수수료를 모네로로 받든가 해서, 나중에 성인되고 원화나 달러화로 환전하면 됨 Anonymous 21/05/07(Fri)15:24:12  2920  성폭력범죄의 처벌 등에 관한 특례법 아동·청소년의 성보호에 관한 법률 Anonymous 21/05/07(Fri)15:26:13  2921 근친, 몰카충은 무시하냐?? Anonymo","신망 이용촉진 및 정보보호 등에 관한 법률」제44조의7 제1항 제1호, 제2호, 제9호 「정보통신에 관한 심의규정」 제7조 제1호, 제8조 제1호 및 제4호 가목, 나목, 다목 「성폭력범죄의 처벌 등에 관한 특례법」 제14조 「성폭력범죄의 처벌 등에 관한 특례법」 제24조 감사합니다. 방송통신심의위원회 디지털성범죄심의지원단 주 소┃ (07995) 서울특별시"," 3년 이하 징역 Anonymous 20/12/12(Sat)11:23:59  1373  디씨 야갤에서 일반인 (성인) 유출물을 보면 어떻게 될까? 이른바 'n번방 방지법' (개정 성폭력처벌법)에 따르면 불법 촬영물을 소지, 구입, 저장 또는 시청한 사람은 3년 이하 징역에 처해지므로, 보기만 한 사람도 3년 이하의 징역에 처해진다. 그럼 야갤에서 로린이, ","39 pm   토 6월 19, 2021 12:34 pm 품번 있는 포르노는 소지, 구입, 저장, 시청 모두 처벌 대상 아님(이런 경우 합법이 아니라 비범죄라고 부르는것 같기도?) 성폭력 처벌법 제14조 4항은 성인 대상 불법 성적 촬영물을 소지, 구입, 저장, 시청할 경우 3년 이하 징역 또는 300만원 이하 벌금형에 처하도록 하고 있다. 기존 법령은 청소"," 같은 학교 여학생을 성추행했고, 2016년에는 소셜네트워크서비스(SNS)를 통해 피해자를 성희롱했다. 피해 학생의 신고로 정청래의 아들은 2017년 3월 가정법원에서 40시간의 성폭력 치료프로그램 수강 명령을 받았다. Anonymous 20/11/23(Mon)11:15:09  1097  얘 정도면 너무 늙었으려나? http://cryptoupei2am6s","가 끝나 처벌할 수 없다는 남성 측의 주장을 받아들이지 않고, 2010년 제정된 특례법을 적용해 공소시효를 새롭게 계산했다. 28일 의정부지법 형사합의11부(부장판사 강동혁)는 ‘성폭력 범죄의 처벌 및 피해자 보호 등에 관한 법률’과 ‘아동·청소년의 성보호에 관한 법률’ 위반 혐의로 기소된 피고인 A(66)씨에게 이처럼 형을 선고했다고 밝혔다. A씨는 판결"," 본회의를 통과했다. 국회는 이날 저녁 본회의를 열고 ‘텔레그램 n번방 사건을 비롯한 사이버 성범죄의 처벌법 제정에 관한 청원’과 n번방 관련 법안들을 통과시켰다. 이날 통과된 ‘성폭력범죄의 처벌 등에 관한 특례법 개정안’은 재석 189명, 찬성 189표로 가결 처리됐다. 개정안은 불법 성적 촬영물을 소지·구입·저장 또는 시청한 자는 3년 이하의 징역이나 ",진을 합성한 사진을 수 백 장 제작해 텔레그램에 유포한 20대 남성이 1심에서 징역 4년을 구형받았다. 9일 제주지방법원 형사2단독(부장판사 이장욱) 심리로 열린 공판에서 검찰은 성폭력범죄의 처벌 등에 관한 특례법 위반(허위 영상물 편집·반포) 혐의로 구속기소 된 A(28)씨에게 징역 4년을 구형했다. 이와 함께 신상 공개 고지 명령 및 취업제한 5년도 청,"들의 성장에 영향을 미치지 않을 것""이라며 이같이 주장했다. 9일 뉴스닷컴에이유·더오스트레일리안 등 호주 현지언론에 따르면 다우닝지방법원은 브라이언 마이클 그레인지(38)의 아동 성폭력 혐의에 대해 30년형을 내렸다. 상업에 종사하던 그레인지는 호주 뉴사우스웨일스주 시드니 교외에서 지난 2014년부터 2018년까지 영아와 유아를 상대로 성범죄를 벌여 재판에","신망 이용촉진 및 정보보호 등에 관한 법률」제44조의7 제1항 제1호, 제2호, 제9호 「정보통신에 관한 심의규정」 제7조 제1호, 제8조 제1호 및 제4호 가목, 나목, 다목 「성폭력범죄의 처벌 등에 관한 특례법」 제14조 「성폭력범죄의 처벌 등에 관한 특례법」 제24조 감사합니다. 방송통신심의위원회 디지털성범죄심의지원단 주 소┃ (07995) 서울특별시","신망 이용촉진 및 정보보호 등에 관한 법률」제44조의7 제1항 제1호, 제2호, 제9호 「정보통신에 관한 심의규정」 제7조 제1호, 제8조 제1호 및 제4호 가목, 나목, 다목 「성폭력범죄의 처벌 등에 관한 특례법」 제14조 「성폭력범죄의 처벌 등에 관한 특례법」 제24조 감사합니다. 방송통신심의위원회 디지털성범죄심의지원단 주 소┃ (07995) 서울특별시", 얼굴 사진이나 인스타 주소 알려줄 형들 있어? ¨  2021/07/17(Sat) 23:30:22  678 누구?  2021/07/18(Sun) 15:48:46  700 강간인가 성폭력인가 당해서 결혼식 전날인가 혼인신고 다음날인가 자살한 애 아닌가?  2021/07/19(Mon) 19:17:49  725 ㅇㅇ 그 사람 찾는 거 맞음. 공군 이중사로도 많이,", 구입시 3년 이하의 징역  없이 게시물을 작성할 수 있는 유일한 입니다.    2  1 의 1페이지 n번방 방지법    n번방 방지법  수 3월 17, 2021 4:40 pm 성폭력 처벌법 제14조 4항은 성인 대상 불법 성적 촬영물을 소지, 구입, 저장, 시청할 경우 3년 이하 징역 또는 300만원 이하 벌금형에 처하도록 하고 있다. 기존 법령은 아동","하는데 이제 뜬금없지만 히토미 번호만 공유해도 처벌. 즉, 가상아동폭력 매체 유포도 처벌. 아예 쾌락없는 책임이 법제화할 것. 라스트: 여폭법에서 여성보호조항이 강화되는데 문제는 성폭력 가해자가 여성이란 개념이 성립되지 않도록 한다는게 문제. 따라서 한남들만 조심하라는 것. 즉, 방송 등의 미디어로 촉발된 젠더분쟁이 이제 법적으로 더 촉발될 것. 그것도 올","됩니다. ​나무위키에서 onlyfans를 소개한 입니다. ¨ Anonymous 21/06/24(Thu)10:14:29  4618 94. 아동청소년의성보호에관한법률 성착취물소지죄, 성폭력범죄의처벌등에관한특례법 불촬물소지죄의 경우 인적사항의 특정이 가장 중요함 아동청소년의성보호에관한법률(아청물소지죄)에서 수사대상이 되는지를 가르는 가장 중요한 요소는 인적사항이", 부장판사)는 아동·청소년의 성보호에 관한 법률 위반(성 착취물 소지) 혐의로 기소된 피고인 A씨에게 징역 8월에 집행유예 2년을 선고했다고 22일 밝혔다. 재판부는 또 A씨에게 성폭력 치료 강의를 40시간 수강하고 판결이 확정되면 신상 정보를 관할 기관에 등록하도록 했다. A씨는 지난해 6월 13일 오후 7시 10분쯤 경기 남양주시 자신의 집에서 아동·청
22,성폭행,"든 강이든 어디든 오물을 싸는데 힌두교 교리에 위생은 없지 질병 무한반복 ¨ Anonymous 21/06/12(Sat)12:21:36  4120 그래서 여자들이 밖에서 용변보다가 성폭행당하는일이 다반사라네요 Anonymous 21/06/12(Sat)12:18:30  4118  중국은 20년전만해도 백화점에서 여성들 탈의실도 없어 후러덩벗고 옷갈아입고했는데,","면 연인사이에 찍은건데 파트너 기간이 1년 넘게 있고 돈주고 찍은것도 있으니까 어떻게 적용이 될지... 쫄리네 2020-5-20 오전 11:15 18 17 불륜녀 김지은이 안희정 성폭행으로 무고했을때, 안희정이 1심에서 무죄 받고, 2심과 대법원에서 성인지 감수성 적용돼서 유죄 받은 것처럼, 판사 새끼 좆꼴리는대로 판결함. 보배드림 곰탕집 성추행 1심 판결",1/07/16(Fri) 16:00:10  615 살아있어  2021/07/16(Fri) 17:02:25  620 거기 서버 무료 웹 호스팅 쓰는거같은데 맨날 죽는게 '소녀 11명 성폭행' 김근식  2021/07/10(Sat) 15:54:14  209  210 조두순만큼 끔찍…'소녀 11명 성폭행' 김근식 9월 출소한다 2021.07.09 전과 19범인 상태,pn으로 토렌트 받을때 정말 ip우회가 되는지 틈틈이 https: 토르에러 토르 요즘 무슨 사이트만 들어가면 Error accessing resource: 50 토르 오류 권민아 성폭행 가해자 실체 꼴보기 싫은 사람 실종 사망 등 각종 처리 도와드립니다 정유라와 조민의 공통점 = 특혜 ㅅㅂㅅㄲ들 최소 이 정� 윤드 1.7tb 1234차+5차 실시간으로 자료,"81_%EC%86% 8D_%EC%86%8C%EB%85%84%EC%9D%84_%EC%AB%93%EC%9D%80_%EB%82%98%EC%9D%98_%EC%B6%94%E C%A0%81 성폭행 한 뒤 쓰레기장에 유기""…러시아서 유튜브 Anonymous 21/03/29(Mon)15:01:21  2677  ""성폭행 한 뒤 쓰레기장에 유기""…러시아서 유튜브 생중계 20","버려야 함 K-무고죄 Anonymous 20/12/24(Thu)00:44:09  1561  바람피는 걸 들키자 사실혼 남편을 강간으로 무고한 30대 여성 집행유예. 20대 여성. 성폭행, 폭행 무고. 다른 남자 만나다 들키자 '성폭행 당했다' 허위 신고 동료 교사와의 불륜을 남편에게 들키자 동료 교사에게 준강간, 강제추행 및 강간 당했다고 무고한 여교사 3",(徐湘涵) 2004년 5월 26일 중국 저장성 항저우시에서 태어났다 Anonymous 21/05/12(Wed)09:59:28  2951 2933 중국 일진들이 왕따년들 성추행하고 성폭행하네 Anonymous 21/05/09(Sun)11:24:52  2934  낸시 어디서 보냐  살아있는 곳 있으려나 Momoland Nancy spycam Anonymous ,"오후 4:06 7 5 형욱이 망가 많이 본 찐따인듯 2020-5-19 오전 12:58 6 마스크 벗기자 얼어붙은 '갓갓' 문형욱 ""잘못된 성관념 가졌다"" 2020.05.18 또 “성폭행 지시한 게 몇 건이었느냐”는 물음엔 머뭇거리며 옆에 서 있던 경찰에게 “계속 답해야 하나요”라고 했다가 “세 건 정도였다”고 답했다. https://dcnewsj.joins","호화 해놓고 경찰한테 비번에 대해서 묵비권 행사해도 됨. 그건 헌법과 형사소송법에 보장된 권리라. Anonymous 20/11/23(Mon)14:24:24  1107  '정액없는 성폭행' 2심도 유죄…법원 ""피해진술 일관돼"" 2020/07/29 피해자 ""사정했다""…DNA 감정 증거 안 나와 1심, 강간 혐의 50대에 징역 2년6개월 선고 2심 ""DNA 안 ","osts. K-무고죄 Anonymous 20/12/24(Thu)00:42:38  1560  바람피는 걸 들키자 사실혼 남편을 강간으로 무고한 30대 여성 집행유예. 20대 여성. 성폭행, 폭행 무고. 다른 남자 만나다 들키자 '성폭행 당했다' 허위 신고 동료 교사와의 불륜을 남편에게 들키자 동료 교사에게 준강간, 강제추행 및 강간 당했다고 무고한 여교사 P", 20대 남성 무기징역 선고 법원은 여성을 강간한 혐의로 20대 남성 A씨에게 무기징역을 선고하였다. A씨는 2030년 1월 3일 클럽에서 만난 B양이 만취하자 모텔에 끌고 가서 성폭행 한 것으로 알려졌다. A씨는 성관계 전 사전동의서 및 성폭행 시 녹음한 녹음본을 증거로 제출하며 무죄를 주장혔으나 재판부는 B양이 협박에 의해 동의서를 작성하였다고 주장하고,"노 교환 플랫폼 운영을 위해 다크넷 사이트를 구현하고, 서버 정비,  관리를 한 혐의를 받고 있다. 또 다른 남성(64)은 2019년 7월 이 플랫폼의 으로 해 3500건의 아동 성폭행 사진이나 동영상을 올린 혐의로 체포됐다. 지난 2019년 6월부터 주로 남아를 대상으로 한 성폭행 사진과 동영상을 교환하는 통로가 된 이 플랫폼의  수는 40만명을 넘어서는",Sun)03:17:58  888  '조건만남' 10대에 돈 빌려주고 이자 명목으로 성관계 요구 2020.11.15 미성년자에게 돈을 빌려주고 이자 명목으로 성관계를 요구한 군인의 성폭행 혐의를 무죄로 본 군사법원의 판결을 대법원이 다시 판단하라고 했습니다. 대법원 3부(주심 민유숙 대법관)는 군인 A 씨의 아청법 위반(위계 등 간음) 혐의를 무죄로 판결한 ,"은 또 피해 여성들의 경찰 신고를 막고 '길들이기' 위해, n번방 입장료 명목으로 받은 문화상품권을 이들에게 지급했다고 자백한 것으로 확인됐습니다. 문형욱은 성착취물 제작을 위한 성폭행 등 성범죄에는 직접 가담하지 않고 모두 공범들에게 지시하는 한편, 범죄 유형별로 별도의 행동책을 두고, 공범끼리도 서로 모르게 하는 등 경찰의 추적에 대비해 온 것으로 보입","호화 해놓고 경찰한테 비번에 대해서 묵비권 행사해도 됨. 그건 헌법과 형사소송법에 보장된 권리라. Anonymous 20/11/23(Mon)14:24:24  1107  '정액없는 성폭행' 2심도 유죄…법원 ""피해진술 일관돼"" 2020/07/29 피해자 ""사정했다""…DNA 감정 증거 안 나와 1심, 강간 혐의 50대에 징역 2년6개월 선고 2심 ""DNA 안 ","자애 고모가 합의금 뜯어내려고 같은 건물 살던 남자한테 성범죄 당했다고 말하라고 시킨 거였고, 다른 사건은 가출했다 임신해서 부모한테 혼날까봐 자기가 길에서 주운 휴대폰 주인한테 성폭행 당했다고 거짓말한 거였음. 2020-4-30 오전 2:46 14 13 예전에는 그나마 거짓말이 무고죄 수사 과정에서 밝혀져서 남자가 감옥 안 가는 경우도 종종 있었는데, 이",지 모르겠네요 이제 30살 후반이라.... 아무튼 사진 올려달라해서 올립니다.. 관심있으신분 연락처 남겨주세요.... 1 와진짜네 이왜진? 2020-5-3 오후 3:59 2 지딸 성폭행 해달라는 미친놈은 첨봄ㅋㅋㅋㅋ 2020-5-3 오후 4:02 3 이왜진이뭐죠?? 2020-5-3 오후 4:02 5 3 이게왜 진짜 ㅄ아 2020-5-3 오후 4:05 4 당,"9:49:41  248  다 텔레로 옮기자 셰션은 국가가 감청한다  2021/07/10(Sat) 19:51:48  250 토어 사용하면 경찰이랑 국정원에 통신정보제공됨 8주 아기 성폭행범 ""어차피 기억못해""  2021/07/10(Sat) 19:47:30  246  8주 아기 성폭행범 ""비아그라 먹어서 했다, 어차피 기억못해"" 2021.07.10 호주 아동성",1/07/16(Fri) 16:00:10  615 살아있어  2021/07/16(Fri) 17:02:25  620 거기 서버 무료 웹 호스팅 쓰는거같은데 맨날 죽는게 '소녀 11명 성폭행' 김근식  2021/07/10(Sat) 15:54:14  209  210 조두순만큼 끔찍…'소녀 11명 성폭행' 김근식 9월 출소한다 2021.07.09 전과 19범인 상태,"버려야 함 K-무고죄 Anonymous 20/12/24(Thu)00:44:09  1561  바람피는 걸 들키자 사실혼 남편을 강간으로 무고한 30대 여성 집행유예. 20대 여성. 성폭행, 폭행 무고. 다른 남자 만나다 들키자 '성폭행 당했다' 허위 신고 동료 교사와의 불륜을 남편에게 들키자 동료 교사에게 준강간, 강제추행 및 강간 당했다고 무고한 여교사 3"
23,세션방,              세션방 초대좀 Anonymous 2021/03/10(Wed)05:33:31  619 05fde77d550cbb0bceec7e9e3e233cf71ebc464ed294fcde86fe0,            세션방 초대좀 Anonymous 21/02/05(Fri)02:38:44  1023 050ff62c2fefc5dc72b25e62bbf9c1f98de959e87d245144dcfe4b,,,,,,,,,,,,,,,,,,
24,손정우," 문형욱이 그다음으로 잡히고 인서울 대학 나와서 해외 유학한 하코 니오는 아직도 안 잡힘 Anonymous 20/12/31(Thu)00:23:42  1766 당진 서야중학교 중퇴 손정우가 Welcome to video 운영하면서 고작 415 BTC (체포 당시 40억원. 현재 횐율로는 120억원) 벌고 체포됐는데, 서울대 로스쿨 김현민이 운영했으면 지금쯤 ","://203.245.41.67/ 13 posts omitted. Click Reply to view. Anonymous 20/12/30(Wed)00:36:40  1706 1683 손정우도 다크넷에서 웹 프로그래머한테 의뢰해서 웰컴 투 비디오  만든건데 ㅋㅋㅋ 아마 마나토끼, 뉴토끼도 운영자가 직접 만든거 아닐껄? Anonymous 20/12/30(Wed)0","임서버 등등... 불법적인건 안할거임    집컴에 셀프호스팅 돌리는건 어떠냐    금 6월 18, 2021 5:43 pm 라즈베리 파이면 할만하고, 다른건 전기요금 아까움 대신에 손정우처럼 바로 체포될수있음    금 6월 18, 2021 5:45 pm 인터넷 회선은 걱정할 필요없음. 손정우도 자기네 집 아파트 회선으로 수 120만명의 비디오 사이트 운영함 ","""M 폭유초딩 윤진인가 맨날 그걸 못구하냐 허벌이라고만 하 지금 위키 다 터졌냐? 더히든위키 하나 빼곤 접속이 안 � 중고딩팩 출사같은거 어디서 보냐 1 btc = 4,200만원 손정우가 웰컴 투 비디오로 번게 415 btc � N번방 구해줄사람 구합니다 056cdcb18843d6868a649427baaaafbc2aa132 여기 글올린애들은 자기가 올렸던거",씹새끼들은 말도 안되는 이유 대면서 외국 사법 체계에 존나게 관여함. Freedom Hosting 운영자였던 Eric Marques를 아일랜드에서 끌고와서 미국 감방에 쳐넣은거나 손정우 미국으로 끌고 가려고 하는거나. 전세계 200개국 중에 저짓하는 나라는 미국 밖에 없음. 전체 이용자 중에 극히 일부가 자국민이라고 타국의 사법체계에 관여함 2020-5-1,"zcifz88x88  근데 왠지 접고 튈듯 아마 VPS 접속할때 후닉스만 쓰지 않을까? VPS 결제도 모네로로 하고 cifzcifz88x88 wrote: ↑ 근데 왠지 접고 튈듯 손정우처럼 40억원 정도 들어오면 계속 운영하겠지만, 무료 사이트를 위험 감수하면서 계속 운영할까? 얼굴이랑 목소리 까고, 면웹 사이트 운영하고 홍콩 온라인 신문사에 기사도 투고하","3681 형들 지금 아청물 거래하는애들 미친놈이지? 현재 시세로는 160억원 정도 Anonymous 21/06/06(Sun)17:03:24  3682 1 btc = 4,200만원 손정우가 웰컴 투 비디오로 번게 415 btc 당시 1btc에 천만원이라 41억 5천만원 현재 시세로는 160억원 정도 Anonymous 21/06/07(Mon)09:23:48  ",://203.245.41.67/ 12 posts omitted. Click Reply to view. Anonymous 20/12/30(Wed)00:29:26  1704 1663 손정우도 다크웹 아고라에 한국 IP 주소 폭로되고도 경찰 체포까지 몇개월은 걸렸다 남한 경찰 존나 무능 Anonymous 20/12/30(Wed)00:36:40  1706 1683,던건 아니겠지? 1 24살이 돈이 어디있겠누 2020-5-12 오전 10:35 2 1 다른 애들도 다 부모가 돈 대줘서 변호사 선임했잖아 2020-5-12 오전 10:37 3 2 손정우는 애비가 동남아 여자랑 결혼까지 시켜줘서 형량 적게 받게 해준거 같고. 참고로 손정우 애미도 동남아년(중국년이나 조선족년 아님) 2020-5-12 오전 10:38 작성,ndex.php?title=Welcome_to_video http://mt3plrzdiyqf6jim.onion/ Anonymous 20/09/07(Mon)16:51:51  412 손정우 415 btc (41억 5천만원) 범 Anonymous 20/10/27(Tue)20:30:04  783 412 많이도 벌었네 Anonymous 20/12/12(Sat)12:,"똑똑한 사람은 못 잡는다. 보안 수칙을 철저히 지키니까. Anonymous 20/11/27(Fri)06:05:16  1179 조주빈 1심 판결 징역 40년형 받았다. 1년 6개월 손정우와 차이났던 이유는 조주빈은 언론의 주목을 받았고, 손정우는 주목을 안 받았고. 판사 새끼들이 법이랑 판례에 따라 판결을 내리는게 아니라, 인민재판처럼 여론에 따라 판결을 내",면 프로파일링 당함 2020-6-15 오후 9:47 9 7 뭔가 하고 찾아봤는데 가격이 애미 창렬이네 2020-6-15 오후 9:52 #33312 2020-6-15 오후 9:40 손정우가 병신인게 오픈 소스 짜집기해서 만드는 것도 못 해서 남이 만든 사이트 돈 주고 사서 운영함 코드에 대한 이해도가 0%니까 IP 주소 드러난다고 애들이 알려줘도 괜찮을 거라,"인가? 멍청한게 아니라 수사 혼선 주려고 한고겠지?    수 6월 23, 2021 7:36 pm   월 6월 07, 2021 11:39 am 아이피 주소 드러내고 운영하다 체포된 손정우처럼 불법 사이트 운영자중에 저학력 저지능이 많아서 그럼 수 6월 23, 2021 7:36 pm 에서 Anonymous  표시: 모든 게시물1 일7 일2 주1 달3 달6 달1",#31750 2020-5-22 오전 7:51 손정우 미국 안갔으면좋겠다 작성,"배하는 조현병자 있는데 그 새끼가 흑악관, 옥보이에 아동포르노 존나 뿌렸음 n번방 나비효과로 운영자 잡힌 흑악관에는 지금도 코첸 조현병자가 올린 전원 구속수사 드립이랑 웰컴비디오 손정우 체포후 대문사진 있음 경찰 사칭도 명백한 범죄인데 저렇게 자기 흔적 질질 흘리면서 단 한번도 안 잡힌게 레전드 여기서 욕먹을때마다 5분 내로 기어나와서 도배 시작하는 백수 ","지만 올해 5월께부턴 배너 1개당 가격이 1000만원에 이를 정도로 사이트가 유명해졌던 것으로 밝혀졌다.    수 6월 16, 2021 7:10 pm 1 btc = 4,200만원 손정우가 웰컴 투 비디오로 번게 415 btc 당시 1btc에 천만원이라 41억 5천만원 현재 시세로는 160억원 정도 수 6월 16, 2021 7:10 pm 에서 Anonymou",#30772 2020-5-12 오후 1:36 근데 궁금하긴 하네 손정우도 잡히고 갓갓 박사 죄다 잡히는데 온갖 범죄의 온상지인 코챈 운영자가 안 잡힌다고? 뭔가 수상하긴 하다 1 망상은 조현병의 대표적인 증상 2020-5-12 오후 2:00 2,"              수 120만명의 동영상 사이트 웰컴 투 비디오도 손정우가 서버 하나 사서 자기 방에 놓고 운영했음  없이 게시물을 작성할 수 있는 유일한 입니다.    3  1 의 1페이지       목 6월 10, 2021 9:48 am 가정"," 프라이버시 거의 신경 안씀 기업에서 들여다보든말든 체포 안당하는게 제일중요한거라 체포랑 상관없는건 신경안씀 성 지키는것만 신경씀 애초에 걔네들이랑 나랑 목표로하는게 다르니까 난 손정우나 조주빈처럼 되기싫으니 단지 구글 내역이나 사이트 방문내역 같은게 나중에 체포근거될거같다 싶으면 그런건 숨기려고 토어나 vpn 이용하고    수 6월 23, 2021 9:4"," 국내 최대 커뮤니티, 코챈이 있습니다. 2020-4-9 오후 10:01 2 1 그래서 웰컴 투 비디오  128만명 중 300명 검거. 죄다 비트코인 세탁 안한 컴맹들이랑 운영자 손정우. 2020-4-9 오후 10:03 3 2 웰컴 투 비디오  1,280,000명 중에 300명이나 잡은 거 보면 FBI나 남한 경찰 수사력도 대단한 듯? ㅋㅋ 2020-4-1"
25,수면제,"적으로 의미가 있음? 가라 한국이� Weed Deal YOYO社区—精品资源在线观看 - Powered by Discuz! http://55u.life 형님들, 누나랑 해보고 싶은데 수면제 남는거 없나요? � 형님들 제발 흙수저에게 비트코인 기부 좀 해주세요 ㅠ� 해외 아이피(유료 VPN, 토어, Orbot 등) 유동 고소 처벌 가능 디엠으로 전여친 바람핀거 ",때마다 의붓여동생 몸에 하는것같아서.. 몰카구입금액 진짜 하나도 안아깝다... 진짜 고화질로살껄 ㅠㅠ Anonymous 21/04/08(Thu)16:35:26  2806 난 동생 수면제 먹이는데 ㅋㅋ이야기할래? 텔레 위커 세션 니가 편한쪽으로 Anonymous 21/04/08(Thu)16:35:44  2807 수면제에 콘돔도 끼니까 여동생도 따먹혔다는 확신,mous 20/12/23(Wed)14:45:52  1545  국내 ㅅㅁㅈ직거래 사이트없나..찾기힘드네 Anonymous 20/12/23(Wed)14:46:39  1546 1545 수면제? 다 드랍 방식으로 파는건데. 함정 수사 위험 안고 직접 만나줄 판매자는 없음 Anonymous 20/12/25(Fri)09:14:40  1570 다크웹에서 초성 쓰는 저능, 오후 10:36 https://avgle.com/video/kBoY4YRumYk/isafe 이거 영상 앞에 avgle 로고 안나오는 원본 파일 구한다 딱 보니까 여기 누나 동생 수면제 먹일놈 수면제 공짜로 준다면서 글 쓰는애가 올린 짤이랑 똑같은애 같은데 저거 ㄹㅇ 소장하고 싶은데 파일 앙망함 1 종이에 인증한거 아니면 믿지마라 2020-5-16 오후 5," 8월 30일 의문사하였다. 말이 의문사지 정황상 타살일 가능성이 높다. 경찰 발표에 의하면 ""그는 찌는듯한 여름날 방 문을 밖에서 테이프로 막고 안에서 석탄을 피웠다""고 한다. 수면제를 먹은 그는 일산화탄소 중독으로 죽은 채 발견되었다. 수면제까지 준비해놓고 문을 봉쇄한 것도, 찌는 듯한 여름날에 방문을 닫고 석탄을 피웠다는 것도 이해가 안 되지만, 근본",#31820 2020-5-23 오후 10:28 수면제 몰래 먹이고 먹으려는 애 있는데 걔 집 어디 사는지는 알아냈는데 오피스텔? 원룸같은 곳이라 입구에 도 있고 몇층 몇호에 사는지도 모름 현관문 랑 원룸  알고 싶은데 어떻게 ,하거든 2020-5-15 오전 6:17 72 71 제일 안전한건 엄마 강간이지. 주워온 자식 아니면 웬만하면 신고 안 함. 폭력 써서 강간하면 굴욕감에 들어감에 신고할수도 있는데 수면제나 물뽕으로 엄마 따먹으면 걸려도 신고 안 한다고 보면 됨. 콘돔 써서 임신만 안 하면 문제 안 됨 2020-5-15 오전 6:18 73 니가 찍은 강간 영상이나 여기 올려봐,어 거래소 규제의 경우도 생긴지 얼마 안 됐습니다. Anonymous 20/11/14(Sat)21:03:18  878  누나랑 엄마 너무 따먹고 싶은데 무편집 영상 공유 조건으로 수면제나 강력한 도구 공유해주실 수 있는 분 계신가요 star 20/10/09(Fri)19:33:07  603  https://s12.directupload.net/images/2,호일) Anonymous 21/01/09(Sat)14:00:31  2191  엄마 존나 꼴리지 않음? Anonymous 21/01/09(Sat)14:22:03  2192 2191 수면제 먹여서 따먹고싶다 Anonymous 21/01/15(Fri)13:08:47  2227 좆나 목 잘라서 식도에 박고 싶음 Anonymous 21/01/15(Fri)13:09:,#30119 2020-5-8 오전 1:11 어린이 강간하거나 구루밍해서 따먹기전에 사전 필수준비물- 경찰에게 체포당하는 상황에 사용하기 위해 졸피뎀 혹은 권총이나 수면제 다량 구매해서 항상 들고 다녀야 함. 어차피 아동 범죄로 감방가면 늙어서 나오고 감방 안에서 욕구 불만땜에 우울증 걸리기 때문에 구차한 생명 연명하느니 먼저 준비하고 바로 ,"'에 대한 국민적 공분이 일고 있는 가운데, 재판부가 'n번방'과 거의 비슷한 수법으로 범죄를 저지른 가해자에 대해 어떤 수준의 양형을 선고할지 주목됩니다. 1 엄마랑 여동생한테 수면제 먹이고 몰카 찍으라고 시켰더니 진짜로 실행했네 ㅋㅋ 왜 뀨릅(갓갓)이랑 조주빈은 이런거 안 시켰냐? 2020-4-9 오후 9:13 2 이런 경계선 지능 애들 속여서 따먹는개",마냥 엄마보지에 오줌을 눠도되고 좆물을 싸도되고 니맘대로 하면된다 뒤탈도 없고 - ㅇㅇ 2020-5-21 오전 1:41 14 ㄴ3 엄마랑 순애로 이어지는거도 행복할거 같은데 진짜 수면제라도 살까 했는데 고맙다 해볼게 2020-5-21 오후 9:27 5 엄마든 아니든 늙은년한테 박으려는 새끼들은 이해 못하겠다 2020-5-21 오전 1:49 8 5 우리 엄마,"지 않음) 대마의 도움을 받지 못하면 새벽 4~5시까지도 잠을 자지 못합니다. 잠 잘오는 소리, 영상, 호흡법을 따라하거나 보고 들어도 효과가 없습니다. 의사가 호르몬 약 말고도 수면제를 처방 해줬지만 나중에 의존할 수도 있다는 생각과 많은 부작용이 있다는 결과를 보고 찝찝해 한번도 복용은 한적은 없습니다. 신기한 점은 대마의 도움을 받으면 몸에 거부반응도",에 드디어 덜미 잡힘 Anonymous 20/10/21(Wed)20:02:58  730  강간치고싶다 Anonymous 20/12/11(Fri)07:12:20  1323 엄마한테 수면제 먹여서 Anonymous 20/12/11(Fri)07:06:43  1321  n번방: 성적 흥분을 얻으려고 얼굴 가리고 자기 알몸 보여주던 변태년들이 약점 잡혀서 얼굴도 깐,06  Anonymous 21/01/08(Fri)01:03:39  2107 2106 Anonymous 21/01/08(Fri)01:02:33  2104  형님들 누나랑해보고싶은데 수면제 남는거없나요?제발여 Anonymous 21/01/08(Fri)01:02:56  2105 2104 수면제 얻는방법없나요..? Anonymous 21/01/07(Thu)15:2,지고 있지 않을까? 어떻게든 엄마 보지에 내 자지 넣고 욕정을 발산 시키고 싶다 Anonymous 21/06/02(Wed)11:03:31  3459 매일 에미를 강제로 성추행하고 수면제 먹이고 성폭행해서 성학대 Anonymous 21/06/02(Wed)10:39:55  3454  아니 떨충 병신아 계시물을 올리지 말고 이미 올린 계시물 댓글 up을 달어 병," 아빠가 개통해주는게 국룰 2020-4-17 오후 7:49 6 N번방어딧나요 이러는 뉴비말고 이런새끼들이 참뉴비다ㄹㅇㅋㅋㅋㅋㅋ 2020-4-17 오후 8:42 7 삼각대, 콘돔, 수면제 준비해놔라 2020-4-18 오전 0:07 작성",0:26  4977 착한 애들만 당하는 세상 어금니아빠 이영학 딸 이아연이 은따 당하고 애들이 같이 안 놀아줄때 유일하게 착한 여자애 하나가 같이 놀아줬다가 이아연한테 유인당해서 수면제 먹고 이영학한테 성고문 당하고 강간당하다 살해당함 착하다 = 멍청하다 = 포식자한테 잡아먹힌다 부모들이 괜히 이상한 애들(부모가 문제 있는 애들)이랑 놀지 말라고 하는거 아,탈이라는 결론에 도달한거 맞지? 청산가리스캠을 정리하진 않을거 아냐. 저 책에서 결론 낸게 결국 넴뷰탈로 자살하란걸로 이해하면 될까? 질소자살이랑 넴뷰탈이랑 뭐가 덜 고통스럽냐? 수면제랑 병행해서 의식없을때 죽고 싶음 1 목조르는 것도 ㄱㅊ 2021-4-27 오후 10:02 2 양소라처럼 남자들한테 윤간당하고서 자살하는게 쾌감도는 가장 높음 2021-4-2,"는 미성년자유인과 사체유기 혐의를 받는 이양에게 장기 6년, 단기 4년의 징역형을 선고한 원심을 받아들여 지난 2일 확정했다. 이씨는 지난해 9월 이양의 친구 A양을 집으로 불러 수면제를 먹이고 추행하다가 다음날 A양이 깨어나자 살해한 뒤 이양과 함께 강원 영월군의 한 야산에 시신을 유기한 혐의 등으로 구속기소됐다. 이양은 이씨와 공범으로 지목돼 미성년자유"
26,앨리스,"ses and Windows computer names to the attackers. https://en.wikipedia.org/wiki/Freedom_Hosting 린덱스, 앨리스, 그리고 . Anonymous 20/09/09(Wed)22:48:19  487  린덱스, 앨리스, 그리고 . 1. 전 왜 토르를 썼었느냐하면... 2. MB정권때 광우병 시","ee80211) 아이디와 닉네임을 위와 같이 만든후 저 사람들의 말투를 흉내내고 그사람인척을 한다 Anonymous 21/06/10(Thu)08:33:17  3967 이 아이디로 앨리스, 린덱스 해 Anonymous 21/06/10(Thu)09:19:19  3968 뚜루루리는 글이 적어서 따라하기 힘듬 던전마스터, GTX1060, Meow가 따라하기 쉬움 ", user posts. Anonymous 21/08/23(Mon)14:51:14  6693 린덱스 좆됬냐? ¨ Anonymous 21/08/23(Mon)17:22:37  6695 앨리스 가 Anonymous 21/08/23(Mon)17:24:31  6697 린덱스 아무 문제없는데?   ,"마스터 (d72jd72) GTX1060 (sjj07) Meow (ieee80211) 아이디와 닉네임을 위와 같이 만든후 저 사람들의 말투를 흉내내고 그사람인척을 한다 이 아이디로 앨리스, 린덱스 해 Last bumped by Anonymous on 12 9월 2021 06:28. Display: All posts1 일7 일2 주1 달3 달6 달1 년 Sor",g부터 오후 6시 � 5 http://trebzwp2nyrsq6urxkeif7iz5vpf3ppnlzvy6xdxwomgebx2vpczzsqd.onion/ykVMY 폰토르로 린덱스나 앨리스 들어가도되냐? 필독 사항 Exodus Wallet이나 Atomic Wallet에서는 모네로랑 다른 코인이랑 성=많은 사람들 속에 숨어들어가기임 사이버 세계� Real rap,. 심히걱정되면 Tails + 브릿지 쓰시던가요. 스노우플레이크(Snowflake)도 좋아요. Anonymous 21/05/12(Wed)10:22:49  2963 그래서 린덱스나 앨리스에서 아청물 보는 애들은 vpn이랑 같이 안 쓰고 토어만 단독으로 쓰잖아 Anonymous 21/05/11(Tue)15:12:47  2940  VPN 따위 쓰면서 인전하다고 ," Anonymous 20/12/22(Tue)17:52:18  1521 김하영 등 남한 국정원 직원 수준 = 컴퓨터 전체 암호화 안 해놓고 씀 = 백도어 있는 윈도우즈 씀 린덱스, 앨리스, 그리고 . Anonymous 20/09/09(Wed)22:48:19  487  린덱스, 앨리스, 그리고 . 1. 전 왜 토르를 썼었느냐하면... 2. MB정권때 광우병 시", 2020-2-13 오전 12:40 진짜 희귀한 것들은 소수방으로 운영됨 ex)무법지대 2020-2-13 오후 2:27 ㅋㅋㅋ 무법지대 좆밥새끼들이니 신경안써도됨. 80%는 린덱 앨리스에 널린것들이고 나머지 국산이나 n번은 전에 홍익방에서 다 뿌려서 이젠 아무방에가도 널렸음. 더 웃긴건 자료들 좀만 뒤지면 나오는데 텔레그램 하는새끼들이 딥웹 걸릴까 무섭다 ,#31452 2020-5-19 오후 4:59 앨리스  또 바뀜? 하... 화나네... 바뀐 아는 게이 있노? 1 글쓴이 게이인데 서버가 잠시 다운된건지 아예 옮긴건지 모르겠노... 다른시간에 또 들어가 봐야겠노 2020-5-,"0(sjj07) Meow(ieee80211) 아이디와 닉네임을 위와 같이 만든후 저 사람들의 말투를 흉내내고 그사람인척을 한다   안전한 아이디와 닉네임 만드는 방법 이 아이디로 앨리스, 린덱스 해 Display: All posts1 일7 일2 주1 달3 달6 달1 년 Sort by: AuthorPost time Direction: AscendingDesc",2  로린이 영상좀 공유해줄 구세주 안계시냐 해외살아서 인증못해서 결제를 못하는데 누가 해줄사람엄슴 ? Anonymous 21/06/26(Sat)18:38:50  4683 린덱스 앨리스 인 원더랜드 모네로 암호화폐 프로포폴 불법 투약한 의사…전신마취제까지 Anonymous 21/06/26(Sat)18:36:24  4680  걸그룹에 프로포폴 불법 투약한 의,#31378 2020-5-18 오후 2:40 물뽕말고 최음제류는 유통되나? 앨리스쪽만 건드려봐서 약쪽은 잘 모르겠네 1 의학적으로 검증된 Homo sapiens에게 효과가 있는 최음제나 발정제는 없다 2020-5-18 오후 3:05 작성,칸은 컴맹 맞네 2020-3-29 오전 5:28 6 다칸 저 애미뒤진새끼는 왜 코첸사이트 주소 안까냐? 다른 딥들은 주소그냥 밝히더니 그리고 코첸주소 알정도면 자기도 n번방 하고 앨리스들어가서 딸딸이치는거 아닌겨?ㅋㅋ 2020-3-29 오전 8:52 7 다칸 병신새끼 ㅋㅋ사실상 좆도 아닌 새끼가 딥웹 영상 사람들이 존나 신기해하니깐 그걸로 딸딸이 존나치며 ,하냐? 미미 딜러로 들어갈 정도면 그래도 떨판매 경험 있는 새기일텐데 요샌 경계선 지능장애인도 떨판매하냐? Anonymous 20/10/23(Fri)21:34:54  743  아 앨리스 물갈이 했다 등업하기가 H2TC보다 어려워졌네 Anonymous 20/10/23(Fri)20:14:50  739  怪盗ジョーカー | kt-joker.com https://k,d5dba4e12067ae30eaf7e40bc14982cc9480c6df1f 도와줘.... Anonymous 21/05/28(Fri)19:26:12  3233  린덱스는 찾았는데 앨리스는 못찾겠어.... Anonymous 21/05/28(Fri)18:49:28  3232  딥린이입니다 Anonymous 21/05/28(Fri)16:58:21  3225  여,#30985 2020-5-14 오후 4:45 앨리스 가봤는데 꼴린다기보다 신기하네 토들러에 어떻게 꼴리는거지. 1 여자 없으면 토들러나 남자한테도 꼴림 2020-5-14 오후 4:49 작성,. 심히걱정되면 Tails + 브릿지 쓰시던가요. 스노우플레이크(Snowflake)도 좋아요. Anonymous 21/05/12(Wed)10:22:49  2963 그래서 린덱스나 앨리스에서 아청물 보는 애들은 vpn이랑 같이 안 쓰고 토어만 단독으로 쓰잖아 Anonymous 21/05/11(Tue)15:12:47  2940  VPN 따위 쓰면서 인전하다고 ,#30464 2020-5-9 오후 8:16 앨리스  팔면 살 사람이 있을까? 비싸게 안받을건데 1 예전글에 어떤 사람이 디코에서 앨리스 코드만 6만원에 팔았다고 자랑하던 인간 봤다고 썰 푼 적 있음 2020-5-9 오후 8,#30121 2020-5-8 오전 1:13 앨리스방 운영자 개새끼야 투표같은 병신짓하며 네임드 행세하지말고 자료나 풀어라 그냥 자료풀고 고맙단 소리 들으면 될거 쓸데없이 깝치노 좆밥새끼가 1 완장차면 까불고 싶은건 본능인가,아나 중국 이런 국가에 있으니까 못잡는것뿐이야. 언더스탠드? 1 아동음란물 중국에서 걸리면 사형임 2020-5-7 오후 6:58 2 1 새끼짱퀴벌레 새끼들은 그럼 어떻게 린덱이나 앨리스에서 설치는거노? 2020-5-7 오후 8:39 3 2 인도 애들처럼 오늘만 사는 애들. 버스 여대생 윤간범들 거의 다 사형 당함. 그래도 인도는 강간의 천국임 2020-5-
27,야동방,ps://sildenafiledrem.online/ ]sildenafil soft online[/url] avpop11 21/12/19(Sun)16:58:34  14842  무료 야동방 텔레그램 @avpop111 Anonymous 21/12/19(Sun)16:57:36  14841  http://fumacrom.com/3DkzR zyrqkszadh Amyl,            Anonymous 21/02/16(Tue)15:45:53  2348 야동방 초대좀요 ㅠㅠ0562d4a098d4b9cbe63a163ba04d459f55a5591f6fb3b3360ae07cddfa4ddc9d3a  ,            Anonymous 21/02/05(Fri)07:21:49  1087 야동방 초대해줘 051fb43734605403bb7849a0b6753efb20aba4d0fbf2262bac3af8f4c907ca872e  ,ps://sildenafiledrem.online/ ]sildenafil soft online[/url] avpop11 21/12/19(Sun)16:58:34  14842  무료 야동방 텔레그램 @avpop111 Anonymous 21/12/19(Sun)16:57:36  14841  nude naked boy boys naturist nudist child,ps://sildenafiledrem.online/ ]sildenafil soft online[/url] avpop11 21/12/19(Sun)16:58:34  14842  무료 야동방 텔레그램 @avpop111 Anonymous 21/12/19(Sun)16:57:36  14841  nude naked boy boys naturist nudist child,ps://sildenafiledrem.online/ ]sildenafil soft online[/url] avpop11 21/12/19(Sun)16:58:34  14842  무료 야동방 텔레그램 @avpop111 Anonymous 21/12/19(Sun)16:57:36  14841  nude naked boy boys naturist nudist child,,,,,,,,,,,,,,
28,엘리스,오전 6:38 형들 이거 시리즈 풀팩좀 찾아줘 스샷있음 http://twlba5j7oo5g4kj5.onion/?img=21590528568.jpg 이거 있는형들 점 ㅠㅠ 1 이거 엘리스나 린덱스에 가면 있어여 vibro 라고 치세요 2020-5-27 오전 6:47 2 형 ㄳㄳ 씹고수시네 ㅎ 2020-5-27 오전 7:28 작성,ptoupei2am6si.onion/index.php?file=0ccebb66289d19b1f5321582cb6df0d4.jpg 이거 어디서 받는지 아시는분 안계시나여? 린덱스나 엘리스에 없내여 1 feet에서 찾아봐라 2020-5-26 오후 10:55 2 린덱스에 있는거 봤는데 어에 4k 넣고 찾아봐라 2020-5-26 오후 10:56 3 이사진에 나오는,#31882 2020-5-25 오전 1:38 엘리스에 볼거 별로 없는거같은데? 있음 알려줘바 작성,#31255 2020-5-17 오후 8:09 아시발 린덱스 왜 안들가지냐고 엘리스는 캡챠 똑바로 쳐도 틀리다고하고 작성,"#30072 2020-5-7 오후 6:27 토르도 다 추적가능해..심각한 범죄가 아니라서 그냥 있는것이지..엘리스 린덱스가 무슨 다크웹써서 경찰이 추적못해서 못잡는줄 아냐? 다 알고 있어 서버가 어디있는지,, 다만 사법범위가 못미치는 국가에 있어서 못잡는것뿐이야.아동음란물 처벌안하는 러",선물해서 호감 사고 성인 여자 꼬시는거랑 똑같은데 선물 비용이 더 적게들음  2021/07/10(Sat) 19:57:32  255 윤혁준처럼 돈과 말빨로 여자 꼬셔서 보지 따먹기 엘리스 린덱스  2021/07/10(Sat) 19:51:04  249  두개가 유명한것 같은데 어디가 더 좋아?  2021/07/10(Sat) 19:52:35  251 린덱스 텔레,#23370 2020-3-18 오후 8:27 병신들 ㅋㅋㅋ 엘리스 린덱도 못뚫어서야원 ㅋㅋㅋ 1 그럼 배포점 해주시던지 방법을 알려주시던지........ㅋㅋ 지만잘났네....아니...잘났는 줄 모르겄다 - 0000ㅅ 2020-5-19 오전,"기때매 재재먹으면 딥웹에서 강아지,패도물 사는새기들 힘들어지는대 애미뒤졌나 개좆병신새기들 Anonymous 21/06/10(Thu)09:23:43  3970 나 솔직히 딥웹하는대 엘리스에서 노는대 솔직히 비트코인에 십 악재임 엘살바도르 개병신새기 Anonymous 21/06/10(Thu)09:31:30  3972 설령 비트코인이 다른 나라들에서 금지돼도 앨",#30523 2020-5-10 오후 1:58 엘리스 볼만한 아들없냐 하나도안꼴리노 작성,#33416 2020-6-17 오전 8:24 토르로 엘리스 보기만해도 잡혀가냐?? 작성,#30953 2020-5-14 오전 5:58 엘리스 프리미엄이 뭐져 어떻게 들어가는거져? 1 모네로 내라 2020-5-14 오전 7:43 작성,#35166 2020-7-11 오전 11:47 엘리스 오래동안 접속안하면  삭제되냐? 작성,:48 진지하게 project new 구매원한다 아 진짜 아무리 찾아도 안보이네.. 1 그걸 못찾노 2020-5-7 오후 11:53 2 1 ㅇㅇ.. 내 능력이 꽝인가보다 린덱이랑 엘리스 다 뒤져도 없네 2020-5-7 오후 11:57 작성,#31876 2020-5-24 오후 11:47 엘리스에 초넥있냐? 작성,#23781 2020-3-22 오전 12:58 N번 엘리스에서 구했을 때 평범한 껌젖 한녀라 보고 지웠는데 갑자기 떡상했노 괜히 아깝네 ㅎ 작성,#31125 2020-5-16 오전 0:50 엘리스 캡챠 안맞다고만 자꾸 뜨는데 뭐냐 1 나도 그러네 2020-5-16 오전 1:00 작성,#30992 2020-5-14 오후 6:44 엘리스 왜쓰는거냐? 린덱스가 자료 더 많아보이는데 1 렉 적고 소통하기 좋음 2020-5-14 오후 6:48 작성,"              린덱스냐 엘리스  없이 게시물을 작성할 수 있는 유일한 입니다.    1 post • 1 의 1페이지 ㅇㅇㅇ123    ㅇㅇㅇ123  토 8월 28, 2021 7:56 am 토르 브라우저만",#25823 2020-4-6 오전 3:29 엘리스 완장 입니다. 본 목적은 무법지대에서 고어만 뺀 버전으로 하려했더니 계속되는 노프사 홍어년들이랑 기자들이 오니 물갈이를 일어날때마다 합니다. 좀 그러니까 들올거면 프사좀 달," 2020-5-4 오후 8:34 린덱스 한국어이랑 일본어이랑 비교해보는데 일본어은 인사부터 일단박고 무조건 존댓말쓰는데 한국어은 욕부터 일단 박는새끼, 숫자로 노무현 그리는새끼, 엘리스 판다는새끼, 판다는새끼를 욕하는새끼 별 쌩ㅈㄹ을 하고있음 ㅋㅋ 작성"
29,웰컴투비디오,"quest/ ""generic viagra sales</a Anonymous 21/12/22(Wed)11:28:39  15314   고등학교 서버 쓰다가 실수로 걸려서 사이트날린거 웰컴투비디오 손정우 다음 병신 인증 사건중 하나일듯 Anonymous 21/12/22(Wed)11:27:03  15313   왜 경찰청뜨냐  영자 벌써 체포된거? jviqttlz ", Currently 1 unique user posts. Anonymous 21/12/22(Wed)11:28:39  15314   고등학교 서버 쓰다가 실수로 걸려서 사이트날린거 웰컴투비디오 손정우 다음 병신 인증 사건중 하나일듯 Anonymous 21/12/22(Wed)11:27:03  15313   왜 경찰청뜨냐  영자 벌써 체포된거? jviqttlz ,"quest/ ""generic viagra sales</a Anonymous 21/12/22(Wed)11:28:39  15314   고등학교 서버 쓰다가 실수로 걸려서 사이트날린거 웰컴투비디오 손정우 다음 병신 인증 사건중 하나일듯 Anonymous 21/12/22(Wed)11:27:03  15313   왜 경찰청뜨냐  영자 벌써 체포된거? jviqttlz ",,,,,,,,,,,,,,,,,
30,윤드로저, 남성가족부         Currently 1 unique user posts. Anonymous 21/04/11(Sun)14:29:19  2830 윤드로저 https://kissjav.com/142324/%EC%8B%A0%EB%9D%BC-%EA%B3%A8%EC%8A%A4%EC%B4%88%EB%B3% B4%EB%AF%B8%EC,"(Thu)17:15:20  2627  http://kbmoo5tif5spihee6ynclxetwcyfjxznmvyq5bi7a42feubqubmwxlyd.onion/ 윤혁준,고돌링,윤드로저,돈다발남,....자유로운 거래마켓입니다 많은이용 부탁드립니다 3 posts omitted. Click Reply to view. ¨ 교환할 사람 Anonymous 21/0"," ""where can you buy cialis cheap</a 윤드 자료 공유할 사람들 있냐? asura 21/11/28(Sun)11:09:44  12343  리타 면웹에 풀린 윤드로저 자료들은 원본으로 다있는데 서로 교환하실분? 세션 05154cfe73d990858268da290ce55073fa507039c3892291decc3153d6276ab660 ",새끼 Anonymous 21/11/24(Wed)10:28:43  11967 현미 여기서 뭐하노 ㅋㅋ Anonymous 21/11/24(Wed)12:47:48  11977 오 씨발 윤드로저 1차받음 ㄱㅅㄱㅅ Anonymous 21/11/25(Thu)06:19:11  12044 현미요미(왕이런)이라고 텔레그램 최고 인기인이 있음 ksaxfoud Ivylap 2,"(Thu)17:15:20  2627  http://kbmoo5tif5spihee6ynclxetwcyfjxznmvyq5bi7a42feubqubmwxlyd.onion/ 윤혁준,고돌링,윤드로저,돈다발남,....자유로운 거래마켓입니다 많은이용 부탁드립니다 3 posts omitted. Click Reply to view. ¨ 교환할 사람 Anonymous 21/0",,,,,,,,,,,,,,,
31,윤혁준,"21/03/25(Thu)17:15:20  2627  http://kbmoo5tif5spihee6ynclxetwcyfjxznmvyq5bi7a42feubqubmwxlyd.onion/ 윤혁준,고돌링,윤드로저,돈다발남,....자유로운 거래마켓입니다 많은이용 부탁드립니다 3 posts omitted. Click Reply to view. ¨ 교환할 사람 Anonym","""buy generic viagra online without prescription</a Anonymous 21/11/18(Thu)01:49:50  11430  오늘 면웹에 뜬 윤혁준 이대약대 구x우 가운데뭐냐 ¨ Anonymous 21/11/18(Thu)11:38:57  11462 몰라 Anonymous 21/11/18(Thu)11:39:27  1146","""buy generic viagra online without prescription</a Anonymous 21/11/18(Thu)01:49:50  11430  오늘 면웹에 뜬 윤혁준 이대약대 구x우 가운데뭐냐 ¨ Anonymous 21/11/18(Thu)11:38:57  11462 몰라 Anonymous 21/11/18(Thu)11:39:27  1146","21/03/25(Thu)17:15:20  2627  http://kbmoo5tif5spihee6ynclxetwcyfjxznmvyq5bi7a42feubqubmwxlyd.onion/ 윤혁준,고돌링,윤드로저,돈다발남,....자유로운 거래마켓입니다 많은이용 부탁드립니다 3 posts omitted. Click Reply to view. ¨ 교환할 사람 Anonym",,,,,,,,,,,,,,,,
32,은꼴사,"는거 같고  2021/07/16(Fri) 17:21:56  625 바텀 블랙은 검열수준이 디씨나 일베같은 면웹보다 훨씬엄격한데 면웹에서도 엄근진 씹선비 사이트 아니면, 속옷 노출 은꼴사는 삭제해도 성인여성 수영복 사진은 안지움 이래서 아이폰 쓰나봐...ㄷㄷㄷ. txt  2021/07/16(Fri) 16:27:43  617  Ios15부턴 아이클라우드도 포렌","는거 같고  2021/07/16(Fri) 17:21:56  625 바텀 블랙은 검열수준이 디씨나 일베같은 면웹보다 훨씬엄격한데 면웹에서도 엄근진 씹선비 사이트 아니면, 속옷 노출 은꼴사는 삭제해도 성인여성 수영복 사진은 안지움 이래서 아이폰 쓰나봐...ㄷㄷㄷ. txt  2021/07/16(Fri) 16:27:43  617  Ios15부턴 아이클라우드도 포렌",계속 접속 안되는데 그냥 서버 내린거 같은데? 바텀 블랙 ()  2021/07/22(Thu) 07:26:45  773  바텀 블랙 () 운영자 로리마스터가 성인 여성 속옷 보이는 은꼴사나 수영복 야짤도 검열함 http://hs4mtdtvivxyn3vz5ioveh5qmdils5acz6wvgceizf4vu2kn2fkwukyd.onion/ 로리마스터가 로리 관련,"하는 국가는 중동이나 동남아, 북아프리카의 이슬람 국가들을 제외하면 한국 정도? 9 8 괜히 유교탈레반이라고 하는게 아닌데. 하는 짓이 이슬람 탈레반이랑 똑같으니까 10 8 이런 은꼴사들도 이제 n번방 방지법으로 시청, 저장, 소지, 구입시 3년 이하 징역임. 정신 나간 법이지 11 9 이제 페미탈레반 아니냐? 12 6 니 IP 주소는 코챈 운영자가 알겠지",   -  -     바텀 블랙 ()  2021/07/12(Mon) 04:14:24  350 바텀 블랙 () 운영자 로리마스터가 성인 여성 속옷 보이는 은꼴사나 수영복 야짤도 검열함 http://hs4mtdtvivxyn3vz5ioveh5qmdils5acz6wvgceizf4vu2kn2fkwukyd.onion/   , unique user posts. 바텀 블랙 () Anonymous 21/07/11(Sun)19:16:03  5133 바텀 블랙 () 운영자 로리마스터가 성인 여성 속옷 보이는 은꼴사나 수영복 야짤도 검열함 http://hs4mtdtvivxyn3vz5ioveh5qmdils5acz6wvgceizf4vu2kn2fkwukyd.onion/ ¨ Anonymous ,면 그냥 phpBB나 쓰지 뭘 직접 만들겠다고 바텀 블랙 ()  2021/07/12(Mon) 04:14:24  350  바텀 블랙 () 운영자 로리마스터가 성인 여성 속옷 보이는 은꼴사나 수영복 야짤도 검열함 http://hs4mtdtvivxyn3vz5ioveh5qmdils5acz6wvgceizf4vu2kn2fkwukyd.onion/ bisq 질문  202,만 잇음. 텔레 south2011 바텀 블랙 () Anonymous 21/07/11(Sun)19:16:03  5133  바텀 블랙 () 운영자 로리마스터가 성인 여성 속옷 보이는 은꼴사나 수영복 야짤도 검열함 http://hs4mtdtvivxyn3vz5ioveh5qmdils5acz6wvgceizf4vu2kn2fkwukyd.onion/ 로리마스터가 로리 관련,   -  -     바텀 블랙 ()  2021/07/22(Thu) 07:26:45  773 바텀 블랙 () 운영자 로리마스터가 성인 여성 속옷 보이는 은꼴사나 수영복 야짤도 검열함 http://hs4mtdtvivxyn3vz5ioveh5qmdils5acz6wvgceizf4vu2kn2fkwukyd.onion/ ¨ 로리마스터가 로리 ,면 그냥 phpBB나 쓰지 뭘 직접 만들겠다고 바텀 블랙 ()  2021/07/12(Mon) 04:14:24  350  바텀 블랙 () 운영자 로리마스터가 성인 여성 속옷 보이는 은꼴사나 수영복 야짤도 검열함 http://hs4mtdtvivxyn3vz5ioveh5qmdils5acz6wvgceizf4vu2kn2fkwukyd.onion/ [ 0 ] [ 1 ] ,만 잇음. 텔레 south2011 바텀 블랙 () Anonymous 21/07/11(Sun)19:16:03  5133  바텀 블랙 () 운영자 로리마스터가 성인 여성 속옷 보이는 은꼴사나 수영복 야짤도 검열함 http://hs4mtdtvivxyn3vz5ioveh5qmdils5acz6wvgceizf4vu2kn2fkwukyd.onion/ 로리마스터가 로리 관련,Sun)19:02:24  5373 바텀 블랙 () Anonymous 21/07/24(Sat)10:25:22  5322  바텀 블랙 () 운영자 로리마스터가 성인 여성 속옷 보이는 은꼴사나 수영복 야짤도 검열함 http://hs4mtdtvivxyn3vz5ioveh5qmdils5acz6wvgceizf4vu2kn2fkwukyd.onion/ https://bbch,Sun)19:03:42  5374 바텀 블랙 () Anonymous 21/07/24(Sat)10:25:22  5322  바텀 블랙 () 운영자 로리마스터가 성인 여성 속옷 보이는 은꼴사나 수영복 야짤도 검열함 http://hs4mtdtvivxyn3vz5ioveh5qmdils5acz6wvgceizf4vu2kn2fkwukyd.onion/ https://bbch,"는거 같고  2021/07/16(Fri) 17:21:56  625 바텀 블랙은 검열수준이 디씨나 일베같은 면웹보다 훨씬엄격한데 면웹에서도 엄근진 씹선비 사이트 아니면, 속옷 노출 은꼴사는 삭제해도 성인여성 수영복 사진은 안지움  ",만 잇음. 텔레 south2011 바텀 블랙 () Anonymous 21/07/11(Sun)19:16:03  5133  바텀 블랙 () 운영자 로리마스터가 성인 여성 속옷 보이는 은꼴사나 수영복 야짤도 검열함 http://hs4mtdtvivxyn3vz5ioveh5qmdils5acz6wvgceizf4vu2kn2fkwukyd.onion/ 로리마스터가 로리 관련,계속 접속 안되는데 그냥 서버 내린거 같은데? 바텀 블랙 ()  2021/07/22(Thu) 07:26:45  773  바텀 블랙 () 운영자 로리마스터가 성인 여성 속옷 보이는 은꼴사나 수영복 야짤도 검열함 http://hs4mtdtvivxyn3vz5ioveh5qmdils5acz6wvgceizf4vu2kn2fkwukyd.onion/ 로리마스터가 로리 관련,면 그냥 phpBB나 쓰지 뭘 직접 만들겠다고 바텀 블랙 ()  2021/07/12(Mon) 04:14:24  350  바텀 블랙 () 운영자 로리마스터가 성인 여성 속옷 보이는 은꼴사나 수영복 야짤도 검열함 http://hs4mtdtvivxyn3vz5ioveh5qmdils5acz6wvgceizf4vu2kn2fkwukyd.onion/ bisq 질문  202,면 그냥 phpBB나 쓰지 뭘 직접 만들겠다고 바텀 블랙 ()  2021/07/12(Mon) 04:14:24  350  바텀 블랙 () 운영자 로리마스터가 성인 여성 속옷 보이는 은꼴사나 수영복 야짤도 검열함 http://hs4mtdtvivxyn3vz5ioveh5qmdils5acz6wvgceizf4vu2kn2fkwukyd.onion/ bisq 질문  202,"외하면 한국 정도? 2020-5-9 오후 1:11 9 8 괜히 유교탈레반이라고 하는게 아닌데. 하는 짓이 이슬람 탈레반이랑 똑같으니까 2020-5-9 오후 1:12 10 8 이런 은꼴사들도 이제 n번방 방지법으로 시청, 저장, 소지, 구입시 3년 이하 징역임. 정신 나간 법이지 2020-5-9 오후 1:14 11 9 이제 페미탈레반 아니냐? 2020-5-9", unique user posts. 바텀 블랙 () Anonymous 21/07/24(Sat)10:25:22  5322 바텀 블랙 () 운영자 로리마스터가 성인 여성 속옷 보이는 은꼴사나 수영복 야짤도 검열함 http://hs4mtdtvivxyn3vz5ioveh5qmdils5acz6wvgceizf4vu2kn2fkwukyd.onion/ https://bbch
33,조주빈,#25645 2020-4-4 오후 8:32 조주빈 외국 신문에도 나옴 South Korea Online Sexual Abuse Case Illustrates Gaps in Government Response March 26,#25645 2020-4-4 오후 8:32 조주빈 외국 신문에도 나옴 South Korea Online Sexual Abuse Case Illustrates Gaps in Government Response March 26,"13:46  67885  <a href="" http://lasix.click/ ""lasix 500</a Anonymous 20/08/27(Thu)10:50:53  90  삼성폰도 조주빈 폰 이후로는 암호화 따로 할 필요 없지? ¨ Anonymous 20/08/27(Thu)10:52:17  92 90 최신 안드로이드 폰은 기기 암호화가 default 설정일 ",,,,,,,,,,,,,,,,,
34,차일즈,국산 CMS는 안 쓰는게 좋음 아청물 사이트에서도 많이 쓰는 국제적인 오픈소스 써야 그나마 안전함 Anonymous 21/08/19(Thu)07:26:02  6518 phpBB도 차일즈 플레이 때 취약점으로 한번 털리긴 했지만 Anonymous 21/08/19(Thu)07:27:02  6519 차일즈 플레이 http://txy7pgu2kdqg3ovmauiy,://www.phpbb.com/community/viewtopic.php?f=64&t=2598931  2021/08/06(Fri) 08:01:51  1400 1401 phpBB가 차일즈 플레이의 IP 주소를 유출한 방법 phpBB의 아바타() 사진의 IP 주소 유출 어두운 그물 깨기: 경찰이 아동을 구하기 위해 학대 사진을 공유하는 이유 2017년 10월 ,"2P나 Lokinet이 토어보다 정부 검열에 저항성이 높은거고. DA는 걱정할 필요없음 DA!1Np/JJBAYQ 2021/08/22(Sun) 20:07:19  2079 플레이펜, 차일즈 플레이, 웰컴 투 비디오, 프리덤 호스팅, 씰크 로드 전부 다 DA에서는 어떤 정보도 얻지 못하고  해킹하든 해서 운영자 잡은것임. DA는 걱정할 필요없음  2021/08/",inside.com/view.php?id=fantasy_new&no=6789109 1 이거 어디 사이트 얘기하는 거냐? 2 Magic Kingdom? Child's Play? 3 차일즈 플레이 아닌가?? 4 실크로드임. 5 Child's Play 맞음. 작성," 토르로 통신하는 방법도 있음. https://moneroworld.com/ 모네로 원격 노드 목록(Tor, i2p 포함) 어둠의 그물을 깨기: 경찰이 어린이를 구하기 위해 학대 차일즈 플레이 21/02/13(Sat)22:31:06  2395  차일즈 플레이 http://py4ajiixzsrncplhbhv4kt44ibuzsqktezhmong6ureuz2my",edvmn2rkcmj2vtknvk7zdo4vqqd.onion/index.php/%ED%94%84%EB%A6%AC%EB%8D%A4_%ED%98%B8%EC%8A%A4%ED%8C%85 차일즈 플레이 http://txy7pgu2kdqg3ovmauiyeyrdhqwjdedvmn2rkcmj2vtknvk7zdo4vqqd.onion/index.php/%EC%B0%A8%EC,"야해서 트래픽교란, 후닉스 데이터 분산 터널링, 핑거프린팅, 프로파일링 등등 난이도가 엄청나게 상승함  2021/08/13(Fri) 04:51:20  1745 1743 플레이펜, 차일즈 플레이, 웰컴 투 비디오 체포 사례 분석해보면 운영자가 아닌 이상, safest해놓고 모네로 쓰면 안 잡힘  2021/08/13(Fri) 04:53:38  1746 코럼은 "," onion 주소 자동 배정임. 비트코인의 지갑 주소가 onion 주소고, onion 개인키가 비트코인 개인키라고 보면됨    일 8월 22, 2021 11:06 am 플레이펜, 차일즈 플레이, 웰컴 투 비디오, 프리덤 호스팅, 씰크 로드 전부 다 DA에서는 어떤 정보도 얻지 못하고  해킹하든 해서 운영자 잡은것임. DA는 걱정할 필요없음    월 9월 0"," onion 주소 자동 배정임. 비트코인의 지갑 주소가 onion 주소고, onion 개인키가 비트코인 개인키라고 보면됨    일 8월 22, 2021 11:06 am 플레이펜, 차일즈 플레이, 웰컴 투 비디오, 프리덤 호스팅, 씰크 로드 전부 다 DA에서는 어떤 정보도 얻지 못하고  해킹하든 해서 운영자 잡은것임. DA는 걱정할 필요없음    월 9월 0",#8630 2019-2-2 오후 5:32 [ Agora-44407 ] https://www.vg.no/spesial/2017/undercover-darkweb/?lang=en 차일즈 플레이 운영자가 잡힌 썰. phpbb의 너무나도 단순한 취약점 하나로 인해 운영자 두 명은 잡혀서 평생 교도소에서 후장 성노예 하고 살다가 시체가 되어서야 나올 수 있게 됨,"분위기 많이 바뀌었네 전부다 비트코인결제 붙어있음 ㄷㄷ 1 원래 이랬는데 뭔분위기? 프라이펜 로리시티에 뭔가 대단한게있었냐? 그런적 없음 2 롤리타 씨티, 플레이펜, 매직 킹덤, 차일즈 플레이, 프라미스드 랜드 작성"," onion 주소 자동 배정임. 비트코인의 지갑 주소가 onion 주소고, onion 개인키가 비트코인 개인키라고 보면됨    일 8월 22, 2021 11:06 am 플레이펜, 차일즈 플레이, 웰컴 투 비디오, 프리덤 호스팅, 씰크 로드 전부 다 DA에서는 어떤 정보도 얻지 못하고  해킹하든 해서 운영자 잡은것임. DA는 걱정할 필요없음    월 9월 0"," 토르로 통신하는 방법도 있음. https://moneroworld.com/ 모네로 원격 노드 목록(Tor, i2p 포함) 어둠의 그물을 깨기: 경찰이 어린이를 구하기 위해 학대 차일즈 플레이 21/02/13(Sat)22:31:06  2395  차일즈 플레이 http://py4ajiixzsrncplhbhv4kt44ibuzsqktezhmong6ureuz2my",(Sun)16:29:00  2867  페도방 만드는 놈 겁도없네 이제 잠입수사 가능해서 너 잠입수사로 잡히면 기본 실형인데 어둠의 그물을 깨기: 경찰이 어린이를 구하기 위해 학대 차일즈 플레이 21/02/13(Sat)22:28:24  2213  차일즈 플레이 http://py4ajiixzsrncplhbhv4kt44ibuzsqktezhmong6ureuz2my," onion 주소 자동 배정임. 비트코인의 지갑 주소가 onion 주소고, onion 개인키가 비트코인 개인키라고 보면됨    일 8월 22, 2021 11:06 am 플레이펜, 차일즈 플레이, 웰컴 투 비디오, 프리덤 호스팅, 씰크 로드 전부 다 DA에서는 어떤 정보도 얻지 못하고  해킹하든 해서 운영자 잡은것임. DA는 걱정할 필요없음    월 9월 0"," onion 주소 자동 배정임. 비트코인의 지갑 주소가 onion 주소고, onion 개인키가 비트코인 개인키라고 보면됨    일 8월 22, 2021 11:06 am 플레이펜, 차일즈 플레이, 웰컴 투 비디오, 프리덤 호스팅, 씰크 로드 전부 다 DA에서는 어떤 정보도 얻지 못하고  해킹하든 해서 운영자 잡은것임. DA는 걱정할 필요없음    월 9월 0"," onion 주소 자동 배정임. 비트코인의 지갑 주소가 onion 주소고, onion 개인키가 비트코인 개인키라고 보면됨    일 8월 22, 2021 11:06 am 플레이펜, 차일즈 플레이, 웰컴 투 비디오, 프리덤 호스팅, 씰크 로드 전부 다 DA에서는 어떤 정보도 얻지 못하고  해킹하든 해서 운영자 잡은것임. DA는 걱정할 필요없음    월 9월 0",2riax5v6innkitgbq7a7w4ia3l6w7hrp54c7laad.onion/index.php?title=%ED%94%8C%EB%A0%88%EC%9D%B4%ED%8E%9C 차일즈 플레이 http://yangwiki6ue7m44z2riax5v6innkitgbq7a7w4ia3l6w7hrp54c7laad.onion/index.php?title=%EC%B0," onion 주소 자동 배정임. 비트코인의 지갑 주소가 onion 주소고, onion 개인키가 비트코인 개인키라고 보면됨    일 8월 22, 2021 11:06 am 플레이펜, 차일즈 플레이, 웰컴 투 비디오, 프리덤 호스팅, 씰크 로드 전부 다 DA에서는 어떤 정보도 얻지 못하고  해킹하든 해서 운영자 잡은것임. DA는 걱정할 필요없음    월 9월 0"," onion 주소 자동 배정임. 비트코인의 지갑 주소가 onion 주소고, onion 개인키가 비트코인 개인키라고 보면됨    일 8월 22, 2021 11:06 am 플레이펜, 차일즈 플레이, 웰컴 투 비디오, 프리덤 호스팅, 씰크 로드 전부 다 DA에서는 어떤 정보도 얻지 못하고  해킹하든 해서 운영자 잡은것임. DA는 걱정할 필요없음    월 9월 0"
35,페도필리아,는 현실 사회에서의 억눌린 자아의 표출로 주변인들에게는 조용하고 얌전한 사람으로 평가됨 13. 내성적이고 이성적인 성격으로 이과 전공 비중 높음 14. 보수적인 정치 성향 15. 페도필리아 성향 보유 및 관련 포르노 시청 경험 다수 1 본인소개? 2020-5-19 오전 12:12 2 내가 일베충은 병신같아서 싫어하지만 보수 성향인건 맞음 2020-5-19 ,"득세한 서유럽과 미국도 마찬가지인데 Anonymous 20/12/12(Sat)12:40:51  1385 미국같은 경우는 아동이나 청소년이 성인 엿먹으라고 거짓 증언으로 고발해도, 페도필리아를 혐오하는 문화에 따라 거의 무조건 유죄 나오는 나라인데 ㅋㅋ Anonymous 20/12/12(Sat)12:43:53  1386 남한에서 판사들이 성범죄 사건에서 여성","      수 6월 23, 2021 5:53 pm ddddddd  수 4월 07, 2021 4:59 am   토 3월 20, 2021 11:11 pm 던마는 오타쿠라 높은 확률로 페도필리아임 개소리야 니가 페도라고 다른 씹덕도 전부 페도같냐? 던마왔노 던마개씨발새끼 페도 맞는데 수 6월 23, 2021 5:53 pm 에서 Anonymous   표시: 모든 ",#6104 2019-2-2 오후 4:52 [ Agora-33462 ] 아로리타보지짬지섹스페도필리아아앙~~~~~~우리애비조루우우우우 작성,#30107 2020-5-8 오전 0:01 갓갓이 잡히긴 개뿔이 ㅋㅋ 잡혀도 박사 잡히고나서 지금까지 주어진 시간이 얼마나 길었는데 보안에 예민하게 반응하는 페도필리아처럼 반응하는 놈이 증거인멸을 안했을리가 없지 만약에 잡혔어도 증거가 없어서 무혐의 나올거다 1 ㄹㅇ챈에 도배하던 정신병자가 개좆도 아는척 도배하는거임 ㅋㅋㅋ 2020-5,#30060 2020-5-7 오후 5:15 페도필리아가 왜 나쁜거냐 직접 실행하는거 하나도 없는데 왜 게이나 레즈같은 호모새끼들은 되면서 페도는 안된다는거냐 1 뭔개소리야 똥꼬충도 함께 가스실보내야됨 도태된 유전자같은새키들,. 12 50367 동양 쇼린이가 나와도 실망할 필요없다. 머리 이쁘게 기르게 하고 풀메이크업 시켜놓고 쌍커플 테이프 붙히며 여장시킨뒤에 애널에 젤 바르고 박을 수 있어야 진정한 페도필리아라고 할수 있지 않겠노? 이 바닥 너무 따지면 오래 생존 못해. 13 ㄴ미친새끼 ㅋㅋㅋㅋㅋㅋㅋㅋㅋㅋㅋ 14 지금 엄마 나이랑 지병 있는지 없는지 답좀해줘라 얼마부터 가능한," 건국지들부터가 정부 조직을 싫어함 미국은 도 중시해서 독일이나 일부 유럽 국가는 나치 추종하면 형사처벌돼서 감옥 가는데 미국은 KKK단도 로 보호됨. 미국에서 보호 안 되는 는 페도필리아(성인이 중고딩이랑 섹스하는거 포함)랑 페미니즘 공격(남녀의 능력이 다를수 있다는 주장 자체를 하면 안 됨. 우월하다, 열등하다도 아니고, 다르다는 주장도 아웃임. 남녀차","ndetta), 미국인 운영자는 Patrick Falte (CrazyMonk)네. 6 Faulkner는 원래 웹에서 CuriousVendetta라는 닉네임을 썼고, Falte와는 페도필리아 관련해서 온라인으로 아는 사이였네. 그리고 Faulkner가 2016년 4월 15일 금요일에 Childs Play를 열면서 WarHead라는 닉네임을 쓴거네.  수 1,",#29638 2020-5-4 오후 8:24 페도필리아는 동성애와 같은 왜곡된 성욕의 결정체 (NAMY 같은것) 그에 만해 헤베필리아는 문학작품과도 같은 인류 예술에서의 아름다움의 결정체 (블라디미르 나보코프의 로리타) 작성,elive.co.uk/news/teesside-news/secret-world-child-abuse-unravels-14682005 ㅋㅋㅋ시발 이딴 모자란 새끼도 잡히는거 보니까 페도필리아 엠생새끼들 아직 살만한가보네?ㅋㅋㅋㅋ 댓글: 암호: 닉네임:,보다 심한데 왤캐 많을까 1 : 정리해준다. 일본: 로리야동 존나 많음. 단일국으론 미국 다음이고 러시아급 중국: 로리패드 시리즈가 대표적이고 요즘 떠오르는 로리야동 강국 한국: 페도필리아 비율 제일 적음. 그 적은 비율도 쫄보 많아서 안 섹스영상은 안 올림. 서양: 형량은 높지만 일단 따먹고 보자 그런 심리 ㅇㅇ 딸 있는 페도필리아는 대부분 성적인 관계 , 모의를 일삼는 이들이 현실에서 진짜 피해자를 만들어낼까 걱정”이라며 한숨을 내쉬었다. 지난해 2월2일부터 이날까지 코챈에 올라온 2만2000여개 게시물 중 ‘롤리타 컴플렉스’·‘페도필리아’ 등 아동성애를 의미하는 단어 10여가지를 했을 때 나오는 게시물은 1000여개에 달했다. 신생아부터 중·고등학생까지 미성년자 관련 키워드를 하자 성적인 의미를 담은 게,#6104 2019-2-2 오후 4:52 [아고라에서 가져옴] http://c2djzrn6qx6kupkn.onion/res/33462.html 아로리타보지짬지섹스페도필리아아앙~~~~~~우리애비조루우우우우 댓글: 암호: 닉네임:, 올라 갈 수 있습니다. 미천한 저는 인터넷 보안 및 감시 관련하여 지식이 전혀 없습니다. 그래서 제 몸 사리기 바쁘게 되더군요. 제가 생각하기에는 토르유저에대한 사람들의 인식이 페도필리아 그리고 약쟁이등으로 인식이 되어있어서 주위에 권유를 해도 무의미해 보이는군요. 페도필리아나 약쟁이들이 아니면 호기심 모험심이 아닌 이상 사용할 일이 없으니까요. 고어 관,"#4955 2019-2-2 오후 4:37 [ Agora-26217 ] 페도필리아고 로리보면 꼴리긴 하는데 발육좋은 여대생 봐도 존나 꼴림. 아웃사이더라서 학교가도 연락하는 사람 없어서 평일에는 CP보고 한발 빼는데 중,고교 동창 친구들이랑 술먹을때나","고3까지는 안 꼴리다가, 딱 20살 되자마자 꼴린다고 그런다. 어제까지는 19살이라 안 꼴리고, 오늘은 20살이라 꼴린다고? 병신 새끼들 ㅋㅋㅋ 3 박아달라는건 비현실적이고 내가 페도필리아 아닐때 생각해보면 그냥 예를들어 사촌여동생이 하의만 벗고 돌아다닌다고 박거나 만지고 싶다 이런 생각은 안들듯. 근데 나 뿐만 아니라 10살 미만의 아동과 성인 어른이 무","전에 700 GB 넘게 모았음. ""로린이 + 쇼린이 + 쉬메일 + 강간 + 스너프 + 고통을 주는 종류(비명 지르거나 하는 거) + 수간물 + 여장물"" 다 합쳐서긴 한데. 3 : 페도필리아 야동 100 GB는 면웹에서나 자랑할만하지, 여기서는 하도 하드코어하게 많이 모은 놈들이 많아서. 1 TB는 있어야 자랑할만 함. 댓글: 암호: 닉네임:",#5370 2019-2-2 오후 4:42 [아고라에서 가져옴] http://c2djzrn6qx6kupkn.onion/res/28783.html 시대가 바뀌면서 페도필리아를 탄압하기 시작했는데 거기에 뭔가 정치적인 거대한 배후가 있는것 같다. 사실 로린이에게 삽인 안 하고도 사랑할 수도 있는건데 지금 사회는 로린이에게 말만 걸어도 페도필리,동양보다 심한데 왤캐 많을까 1 정리해준다. 일본: 로리야동 존나 많음. 단일국으론 미국 다음이고 러시아급 중국: 로리패드 시리즈가 대표적이고 요즘 떠오르는 로리야동 강국 한국: 페도필리아 비율 제일 적음. 그 적은 비율도 쫄보 많아서 안 섹스영상은 안 올림. 서양: 형량은 높지만 일단 따먹고 보자 그런 심리 ㅇㅇ 딸 있는 페도필리아는 대부분 성적인 관계 
